,ID,Mode,Flags,Fitness
0,-O0,fast,-O0,0.437
1,-O2,fast,-O2,0.437
41,0b7107af-d36d-4d33-bbb5-26033d8ffa84,fast,"['-O0', '-fcmm-elim-common-blocks', '-fcpr-anal', '-fdicts-cheap', '-fexcess-precision', '-fexpose-all-unfoldings', '-ffull-laziness', '-fignore-asserts', '-fignore-interface-pragmas', '-flate-dmd-anal', '-fliberate-case-threshold=2000', '-floopification', '-fmax-inline-alloc-size=128', '-fmax-inline-memcpy-insns=32', '-fmax-inline-memset-insns=32', '-fmax-relevant-binds=6', '-fmax-worker-args=10', '-fno-opt-coercion', '-fomit-interface-pragmas', '-fomit-yields', '-foptimal-applicative-do', '-fpedantic-bottoms', '-fregs-iterative', '-fsimplifier-phases=2', '-fsimpl-tick-factor=100', '-fstrictness-before=1', '-funfolding-creation-threshold=750', '-funfolding-dict-discount=30', '-funfolding-use-threshold=60']",0.431
42,68a9da23-1b6d-4093-aee5-3a768ea0f996,fast,"['-O0', '-fcall-arity', '-fcmm-elim-common-blocks', '-fcpr-anal', '-fdicts-cheap', '-fdmd-tx-dict-sel', '-fdo-eta-reduction', '-fenable-rewrite-rules', '-fexcess-precision', '-fexpose-all-unfoldings', '-ffun-to-thunk', '-fignore-asserts', '-fignore-interface-pragmas', '-floopification', '-fmax-inline-alloc-size=128', '-fmax-inline-memset-insns=32', '-fmax-relevant-binds=6', '-fmax-worker-args=10', '-fomit-interface-pragmas', '-fomit-yields', '-foptimal-applicative-do', '-fpedantic-bottoms', '-fregs-iterative', '-fspec-constr-threshold=2000', '-fspecialise', '-fstatic-argument-transformation', '-funbox-small-strict-fields', '-funbox-strict-fields', '-funfolding-creation-threshold=750', '-funfolding-dict-discount=30', '-funfolding-keeness-factor=1.5', '-funfolding-use-threshold=60', '-fvectorisation-avoidance', '-fvectorise']",0.432
43,98052bf8-3f41-40de-a143-907258c893c4,fast,"['-O0', '-fcmm-elim-common-blocks', '-fcmm-sink', '-fcpr-anal', '-fcse', '-fdmd-tx-dict-sel', '-fdo-eta-reduction', '-fdo-lambda-eta-expansion', '-feager-blackholing', '-fexcess-precision', '-ffull-laziness', '-ffun-to-thunk', '-fignore-asserts', '-fignore-interface-pragmas', '-fliberate-case', '-fmax-inline-alloc-size=128', '-fmax-simplifier-iterations=4', '-fno-opt-coercion', '-fno-pre-inlining', '-fno-state-hack', '-fomit-interface-pragmas', '-fomit-yields', '-fpedantic-bottoms', '-fsimpl-tick-factor=100', '-fspec-constr-count=3', '-fstatic-argument-transformation', '-fstrictness', '-fstrictness-before=1', '-funfolding-fun-discount=60', '-funfolding-keeness-factor=1.5', '-fworker-wrapper']",0.432
44,d10ae99f-4046-442c-9dc8-c8fef1278037,fast,"['-O0', '-fcase-merge', '-fcmm-elim-common-blocks', '-fcmm-sink', '-fcse', '-feager-blackholing', '-ffloat-in', '-fignore-asserts', '-fignore-interface-pragmas', '-fmax-inline-alloc-size=128', '-fmax-inline-memcpy-insns=32', '-fno-state-hack', '-fomit-interface-pragmas', '-fomit-yields', '-fpedantic-bottoms', '-fregs-graph', '-fsimplifier-phases=2', '-fspec-constr-count=3', '-fspecialise', '-fcross-module-specialise', '-fstatic-argument-transformation', '-fstrictness', '-fstrictness-before=1', '-funbox-strict-fields', '-funfolding-creation-threshold=750', '-funfolding-fun-discount=60', '-funfolding-keeness-factor=1.5', '-funfolding-use-threshold=60', '-fworker-wrapper']",0.432
45,9b3e511a-7208-4f1f-b5cc-946e09810709,fast,"['-O0', '-fcmm-elim-common-blocks', '-fdicts-cheap', '-fdicts-strict', '-fdo-eta-reduction', '-feager-blackholing', '-fenable-rewrite-rules', '-fexcess-precision', '-ffun-to-thunk', '-flate-dmd-anal', '-fliberate-case', '-fliberate-case-threshold=2000', '-fmax-inline-memcpy-insns=32', '-fmax-simplifier-iterations=4', '-fmax-worker-args=10', '-fno-pre-inlining', '-fno-state-hack', '-fomit-yields', '-fregs-graph', '-fsimplifier-phases=2', '-fspec-constr-count=3', '-fspec-constr-threshold=2000', '-fspecialise', '-fstrictness-before=1', '-funbox-strict-fields', '-funfolding-dict-discount=30', '-funfolding-fun-discount=60', '-funfolding-use-threshold=60', '-fvectorise']",0.432
46,2b47729e-ad87-4b04-9c4f-fc8b8b6b83d0,fast,"['-O0', '-fcase-merge', '-fcmm-elim-common-blocks', '-fcmm-sink', '-fcpr-anal', '-fcse', '-fdicts-cheap', '-fdicts-strict', '-fdo-eta-reduction', '-fdo-lambda-eta-expansion', '-fenable-rewrite-rules', '-ffull-laziness', '-ffun-to-thunk', '-fignore-asserts', '-fignore-interface-pragmas', '-fliberate-case', '-floopification', '-fmax-inline-alloc-size=128', '-fmax-inline-memset-insns=32', '-fmax-simplifier-iterations=4', '-fmax-worker-args=10', '-fno-pre-inlining', '-fno-state-hack', '-fomit-interface-pragmas', '-foptimal-applicative-do', '-fregs-iterative', '-fsimplifier-phases=2', '-fspec-constr-count=3', '-fcross-module-specialise', '-fstrictness-before=1', '-funbox-strict-fields', '-funfolding-creation-threshold=750', '-funfolding-fun-discount=60', '-fvectorisation-avoidance', '-fworker-wrapper']",0.432
47,d2bcdc81-7161-430e-821e-aaa49f52d7e2,fast,"['-O0', '-feager-blackholing', '-fexcess-precision', '-fexpose-all-unfoldings', '-ffloat-in', '-ffull-laziness', '-ffun-to-thunk', '-fignore-asserts', '-fignore-interface-pragmas', '-fmax-inline-alloc-size=128', '-fmax-inline-memcpy-insns=32', '-fmax-simplifier-iterations=4', '-foptimal-applicative-do', '-fpedantic-bottoms', '-fsimplifier-phases=2', '-fspec-constr', '-fspecialise', '-fcross-module-specialise', '-fstatic-argument-transformation', '-fstrictness-before=1']",0.432
48,84810700-d7de-46c6-9d6b-1ebcb36d100e,fast,"['-O0', '-fcall-arity', '-fcase-merge', '-fcmm-sink', '-fcpr-anal', '-fcse', '-fdmd-tx-dict-sel', '-fdo-eta-reduction', '-fdo-lambda-eta-expansion', '-feager-blackholing', '-fexpose-all-unfoldings', '-ffloat-in', '-ffull-laziness', '-ffun-to-thunk', '-fmax-inline-memcpy-insns=32', '-fno-opt-coercion', '-fno-pre-inlining', '-fomit-yields', '-fregs-iterative', '-fsimpl-tick-factor=100', '-fspec-constr', '-fspecialise', '-fcross-module-specialise', '-fstrictness', '-funbox-small-strict-fields', '-funbox-strict-fields', '-funfolding-creation-threshold=750', '-funfolding-keeness-factor=1.5', '-fvectorisation-avoidance', '-fworker-wrapper']",0.432
49,c801e8be-96a3-48ff-a575-951355fc7908,fast,"['-O0', '-fcall-arity', '-fcase-merge', '-fcmm-elim-common-blocks', '-fcse', '-fdicts-cheap', '-fdicts-strict', '-fdo-lambda-eta-expansion', '-fenable-rewrite-rules', '-ffull-laziness', '-ffun-to-thunk', '-flate-dmd-anal', '-fliberate-case', '-fmax-inline-memset-insns=32', '-fmax-relevant-binds=6', '-fmax-simplifier-iterations=4', '-fmax-worker-args=10', '-fno-pre-inlining', '-fno-state-hack', '-fomit-interface-pragmas', '-fomit-yields', '-foptimal-applicative-do', '-fregs-graph', '-fsimplifier-phases=2', '-fspec-constr', '-fspec-constr-threshold=2000', '-fstatic-argument-transformation', '-fstrictness', '-fstrictness-before=1', '-funfolding-dict-discount=30', '-funfolding-use-threshold=60', '-fvectorise', '-fworker-wrapper']",0.433
50,5f3b1a3c-8b13-4fab-9035-5131303737fd,fast,"['-O0', '-fcmm-elim-common-blocks', '-fcmm-sink', '-fcpr-anal', '-fcse', '-fdo-eta-reduction', '-feager-blackholing', '-fenable-rewrite-rules', '-fignore-asserts', '-fignore-interface-pragmas', '-fliberate-case', '-fmax-inline-memcpy-insns=32', '-fmax-simplifier-iterations=4', '-fno-pre-inlining', '-foptimal-applicative-do', '-fregs-graph', '-fspec-constr', '-fspec-constr-count=3', '-fspec-constr-threshold=2000', '-fcross-module-specialise', '-fstrictness', '-funbox-small-strict-fields', '-funbox-strict-fields', '-funfolding-fun-discount=60', '-fvectorisation-avoidance', '-fvectorise']",0.433
51,18bd3020-8055-4914-a7e6-067f8f67c5c1,fast,"['-O0', '-fcase-merge', '-fcmm-elim-common-blocks', '-fcmm-sink', '-fdicts-strict', '-fdmd-tx-dict-sel', '-fdo-eta-reduction', '-fdo-lambda-eta-expansion', '-fexcess-precision', '-ffloat-in', '-fignore-asserts', '-flate-dmd-anal', '-fliberate-case', '-fliberate-case-threshold=2000', '-fmax-inline-alloc-size=128', '-fmax-inline-memset-insns=32', '-fmax-relevant-binds=6', '-fno-pre-inlining', '-fomit-interface-pragmas', '-fregs-graph', '-fsimpl-tick-factor=100', '-fspec-constr', '-fspec-constr-count=3', '-fspecialise', '-fcross-module-specialise', '-fstatic-argument-transformation', '-fstrictness', '-fstrictness-before=1', '-funbox-strict-fields', '-funfolding-keeness-factor=1.5', '-funfolding-use-threshold=60', '-fvectorisation-avoidance', '-fworker-wrapper']",0.433
52,77aa6d05-cfe7-4603-9a86-ee0ae32d6c07,fast,"['-O0', '-fcall-arity', '-fcase-merge', '-fdmd-tx-dict-sel', '-fdo-eta-reduction', '-fenable-rewrite-rules', '-ffloat-in', '-ffun-to-thunk', '-floopification', '-fmax-inline-memcpy-insns=32', '-fmax-inline-memset-insns=32', '-fmax-simplifier-iterations=4', '-fomit-interface-pragmas', '-foptimal-applicative-do', '-fpedantic-bottoms', '-fregs-graph', '-fspec-constr', '-fspec-constr-count=3', '-fstrictness-before=1', '-funbox-strict-fields', '-funfolding-creation-threshold=750', '-funfolding-keeness-factor=1.5', '-funfolding-use-threshold=60', '-fvectorisation-avoidance']",0.433
53,7c512a6f-25dc-45d8-bf07-e81602f1fdcc,fast,"['-O0', '-fcall-arity', '-fcmm-sink', '-fcse', '-fdicts-strict', '-fdmd-tx-dict-sel', '-fdo-eta-reduction', '-fexcess-precision', '-fexpose-all-unfoldings', '-ffull-laziness', '-fignore-asserts', '-fignore-interface-pragmas', '-flate-dmd-anal', '-fliberate-case', '-fmax-inline-alloc-size=128', '-fmax-inline-memset-insns=32', '-fmax-relevant-binds=6', '-fmax-worker-args=10', '-fno-opt-coercion', '-fno-state-hack', '-fomit-interface-pragmas', '-fomit-yields', '-foptimal-applicative-do', '-fspecialise', '-fstatic-argument-transformation', '-funbox-strict-fields', '-funfolding-fun-discount=60', '-fvectorisation-avoidance', '-fvectorise', '-fworker-wrapper']",0.433
54,a5c3e20c-7638-4c28-9f60-54b8ec68be8d,fast,"['-O0', '-fcpr-anal', '-fdo-eta-reduction', '-feager-blackholing', '-fenable-rewrite-rules', '-fexcess-precision', '-fexpose-all-unfoldings', '-ffull-laziness', '-ffun-to-thunk', '-fignore-asserts', '-flate-dmd-anal', '-fliberate-case', '-fmax-inline-alloc-size=128', '-fmax-inline-memcpy-insns=32', '-fmax-simplifier-iterations=4', '-fno-pre-inlining', '-fomit-interface-pragmas', '-fomit-yields', '-foptimal-applicative-do', '-fpedantic-bottoms', '-fregs-graph', '-fregs-iterative', '-fsimplifier-phases=2', '-fsimpl-tick-factor=100', '-fspec-constr', '-fspecialise', '-fcross-module-specialise', '-funbox-strict-fields', '-funfolding-fun-discount=60', '-funfolding-keeness-factor=1.5', '-funfolding-use-threshold=60', '-fvectorise', '-fworker-wrapper']",0.433
55,a3f825d3-0a5d-4bc7-81fd-92938b96b690,fast,"['-O0', '-fcall-arity', '-fcmm-sink', '-fcse', '-fdmd-tx-dict-sel', '-fdo-eta-reduction', '-fdo-lambda-eta-expansion', '-feager-blackholing', '-fexcess-precision', '-fexpose-all-unfoldings', '-ffloat-in', '-ffun-to-thunk', '-fignore-asserts', '-fliberate-case', '-fliberate-case-threshold=2000', '-floopification', '-fmax-inline-alloc-size=128', '-fmax-inline-memcpy-insns=32', '-fmax-inline-memset-insns=32', '-fmax-simplifier-iterations=4', '-fmax-worker-args=10', '-fno-opt-coercion', '-fomit-interface-pragmas', '-fomit-yields', '-foptimal-applicative-do', '-fregs-iterative', '-fsimplifier-phases=2', '-fsimpl-tick-factor=100', '-fspec-constr', '-fspec-constr-count=3', '-fspecialise', '-fcross-module-specialise', '-fstatic-argument-transformation', '-fstrictness-before=1', '-funbox-small-strict-fields', '-funfolding-creation-threshold=750', '-funfolding-keeness-factor=1.5', '-fvectorisation-avoidance', '-fvectorise', '-fworker-wrapper']",0.433
56,d6f29d9d-befd-4b94-8d99-5e8caa4ca4aa,fast,"['-O0', '-fcall-arity', '-fcase-merge', '-fdmd-tx-dict-sel', '-fdo-eta-reduction', '-fenable-rewrite-rules', '-fexcess-precision', '-ffull-laziness', '-fignore-asserts', '-fignore-interface-pragmas', '-fliberate-case', '-fliberate-case-threshold=2000', '-floopification', '-fno-pre-inlining', '-foptimal-applicative-do', '-fsimplifier-phases=2', '-fsimpl-tick-factor=100', '-fspec-constr', '-fspec-constr-count=3', '-fspec-constr-threshold=2000', '-fspecialise', '-fcross-module-specialise', '-fstrictness', '-fstrictness-before=1', '-funbox-strict-fields', '-funfolding-fun-discount=60', '-funfolding-keeness-factor=1.5', '-fvectorisation-avoidance', '-fvectorise']",0.433
57,d9315032-5183-4d03-a6c7-72c8df65cbb3,fast,"['-O0', '-fcmm-sink', '-fcpr-anal', '-fcse', '-fdicts-strict', '-fdo-eta-reduction', '-fdo-lambda-eta-expansion', '-feager-blackholing', '-fexcess-precision', '-ffun-to-thunk', '-fignore-asserts', '-flate-dmd-anal', '-fliberate-case', '-fmax-inline-alloc-size=128', '-fmax-inline-memcpy-insns=32', '-fmax-inline-memset-insns=32', '-fmax-simplifier-iterations=4', '-fmax-worker-args=10', '-fomit-interface-pragmas', '-fomit-yields', '-foptimal-applicative-do', '-fspec-constr-count=3', '-fspec-constr-threshold=2000', '-fstrictness', '-fstrictness-before=1', '-funfolding-creation-threshold=750', '-funfolding-dict-discount=30', '-funfolding-fun-discount=60', '-fvectorisation-avoidance', '-fvectorise']",0.433
58,ffe2b7ab-aaab-403f-b97c-ed0a5ee2ca4f,fast,"['-O0', '-fcall-arity', '-fcase-merge', '-fcmm-sink', '-fcse', '-fdicts-strict', '-fdmd-tx-dict-sel', '-fexpose-all-unfoldings', '-ffloat-in', '-fignore-asserts', '-flate-dmd-anal', '-floopification', '-fmax-inline-alloc-size=128', '-fmax-inline-memcpy-insns=32', '-fmax-relevant-binds=6', '-fmax-simplifier-iterations=4', '-fmax-worker-args=10', '-fno-state-hack', '-fomit-interface-pragmas', '-fpedantic-bottoms', '-fsimplifier-phases=2', '-fsimpl-tick-factor=100', '-fspec-constr', '-fspec-constr-count=3', '-fstatic-argument-transformation', '-fstrictness-before=1', '-funbox-small-strict-fields', '-funbox-strict-fields', '-funfolding-creation-threshold=750', '-funfolding-dict-discount=30', '-funfolding-use-threshold=60', '-fvectorise', '-fworker-wrapper']",0.433
59,5ee49b45-2292-4e6f-a8b9-320798b8a663,fast,"['-O0', '-fcase-merge', '-fcse', '-fdicts-strict', '-fdmd-tx-dict-sel', '-fdo-eta-reduction', '-feager-blackholing', '-fenable-rewrite-rules', '-fexpose-all-unfoldings', '-ffloat-in', '-ffull-laziness', '-fliberate-case', '-fmax-inline-alloc-size=128', '-fomit-yields', '-fpedantic-bottoms', '-fsimpl-tick-factor=100', '-fspec-constr-count=3', '-fspecialise', '-fcross-module-specialise', '-fstatic-argument-transformation', '-fstrictness', '-funbox-small-strict-fields', '-funbox-strict-fields', '-funfolding-dict-discount=30', '-funfolding-keeness-factor=1.5', '-funfolding-use-threshold=60', '-fvectorisation-avoidance', '-fvectorise']",0.433
60,13e04573-1f28-4a4f-87c1-9bb5148953e9,fast,"['-O0', '-fcall-arity', '-fcase-merge', '-fdicts-cheap', '-fdicts-strict', '-fdo-eta-reduction', '-fdo-lambda-eta-expansion', '-fenable-rewrite-rules', '-ffun-to-thunk', '-fignore-interface-pragmas', '-fliberate-case', '-floopification', '-fmax-inline-memcpy-insns=32', '-fmax-relevant-binds=6', '-fmax-simplifier-iterations=4', '-fno-opt-coercion', '-fno-pre-inlining', '-foptimal-applicative-do', '-fregs-iterative', '-fspec-constr', '-fspec-constr-count=3', '-fspecialise', '-fstrictness-before=1', '-funbox-strict-fields', '-funfolding-creation-threshold=750', '-funfolding-dict-discount=30', '-funfolding-fun-discount=60', '-funfolding-use-threshold=60', '-fvectorisation-avoidance', '-fworker-wrapper']",0.433
61,504fcb29-6b6b-4b68-9828-76decfd02ee6,fast,"['-O0', '-fcall-arity', '-fcmm-elim-common-blocks', '-fcmm-sink', '-fcse', '-fdicts-cheap', '-fdicts-strict', '-fdo-eta-reduction', '-feager-blackholing', '-fenable-rewrite-rules', '-fexpose-all-unfoldings', '-ffloat-in', '-fliberate-case-threshold=2000', '-floopification', '-fmax-inline-memset-insns=32', '-fmax-simplifier-iterations=4', '-fno-opt-coercion', '-fno-pre-inlining', '-foptimal-applicative-do', '-fpedantic-bottoms', '-fspec-constr', '-fcross-module-specialise', '-fstrictness', '-fstrictness-before=1', '-funbox-small-strict-fields', '-funfolding-creation-threshold=750', '-funfolding-dict-discount=30', '-funfolding-fun-discount=60', '-funfolding-keeness-factor=1.5', '-funfolding-use-threshold=60', '-fvectorisation-avoidance', '-fvectorise']",0.433
62,8c6ecbc5-1b9d-459a-b5b0-ed573e3658c2,fast,"['-O0', '-fcall-arity', '-fcase-merge', '-fcmm-elim-common-blocks', '-fcpr-anal', '-fcse', '-fdicts-cheap', '-fdo-lambda-eta-expansion', '-fexpose-all-unfoldings', '-ffull-laziness', '-ffun-to-thunk', '-fignore-asserts', '-fignore-interface-pragmas', '-fliberate-case', '-fmax-inline-alloc-size=128', '-fmax-inline-memset-insns=32', '-fmax-simplifier-iterations=4', '-fomit-interface-pragmas', '-foptimal-applicative-do', '-fpedantic-bottoms', '-fsimplifier-phases=2', '-fsimpl-tick-factor=100', '-fstatic-argument-transformation', '-funbox-small-strict-fields', '-funfolding-creation-threshold=750', '-funfolding-dict-discount=30', '-funfolding-fun-discount=60', '-fvectorisation-avoidance', '-fworker-wrapper']",0.433
63,cec4bd42-39c3-4aef-81d9-dfd3b26d1f4f,fast,"['-O0', '-fcall-arity', '-fcmm-elim-common-blocks', '-fcmm-sink', '-fcpr-anal', '-fdo-eta-reduction', '-feager-blackholing', '-fexcess-precision', '-ffull-laziness', '-ffun-to-thunk', '-fignore-interface-pragmas', '-flate-dmd-anal', '-fliberate-case-threshold=2000', '-fmax-inline-memcpy-insns=32', '-fmax-relevant-binds=6', '-fmax-worker-args=10', '-fno-pre-inlining', '-fno-state-hack', '-fomit-interface-pragmas', '-foptimal-applicative-do', '-fpedantic-bottoms', '-fsimpl-tick-factor=100', '-fspec-constr', '-fspec-constr-threshold=2000', '-fspecialise', '-fcross-module-specialise', '-fstrictness-before=1', '-funbox-small-strict-fields', '-funfolding-creation-threshold=750', '-funfolding-fun-discount=60', '-funfolding-keeness-factor=1.5', '-funfolding-use-threshold=60', '-fvectorise']",0.435
64,0709054a-cc30-4f63-a519-d42f7917e61e,fast,"['-O0', '-fcall-arity', '-fcpr-anal', '-fcse', '-fdicts-cheap', '-fdicts-strict', '-fdmd-tx-dict-sel', '-fdo-eta-reduction', '-feager-blackholing', '-fenable-rewrite-rules', '-fexcess-precision', '-ffloat-in', '-ffull-laziness', '-fignore-interface-pragmas', '-fmax-inline-memcpy-insns=32', '-fmax-inline-memset-insns=32', '-fno-opt-coercion', '-fno-pre-inlining', '-fno-state-hack', '-fomit-interface-pragmas', '-fomit-yields', '-foptimal-applicative-do', '-fpedantic-bottoms', '-fregs-graph', '-fregs-iterative', '-fsimplifier-phases=2', '-fsimpl-tick-factor=100', '-fspec-constr-count=3', '-fspecialise', '-fcross-module-specialise', '-fstatic-argument-transformation', '-fstrictness', '-funbox-small-strict-fields', '-funbox-strict-fields', '-fvectorisation-avoidance', '-fvectorise', '-fworker-wrapper']",0.436
65,9935f0ed-5b6c-4900-bab2-bcba4506010c,fast,"['-O0', '-fcall-arity', '-fcmm-sink', '-fcpr-anal', '-fdicts-strict', '-fdo-eta-reduction', '-fdo-lambda-eta-expansion', '-feager-blackholing', '-ffloat-in', '-ffull-laziness', '-ffun-to-thunk', '-fignore-asserts', '-flate-dmd-anal', '-floopification', '-fmax-relevant-binds=6', '-fmax-simplifier-iterations=4', '-fno-opt-coercion', '-fno-pre-inlining', '-fno-state-hack', '-fomit-interface-pragmas', '-fomit-yields', '-foptimal-applicative-do', '-fregs-graph', '-fspec-constr', '-fspec-constr-count=3', '-fspec-constr-threshold=2000', '-fstatic-argument-transformation', '-funbox-small-strict-fields', '-funbox-strict-fields', '-funfolding-creation-threshold=750', '-funfolding-fun-discount=60', '-funfolding-use-threshold=60', '-fvectorisation-avoidance']",0.436
66,b5579a04-def9-4dc1-88a0-72238042080d,fast,"['-O0', '-fcmm-elim-common-blocks', '-fcpr-anal', '-fdicts-strict', '-fdo-eta-reduction', '-feager-blackholing', '-fenable-rewrite-rules', '-ffun-to-thunk', '-fignore-interface-pragmas', '-fliberate-case-threshold=2000', '-fmax-inline-alloc-size=128', '-fmax-relevant-binds=6', '-fmax-simplifier-iterations=4', '-fno-opt-coercion', '-fno-pre-inlining', '-fno-state-hack', '-fomit-interface-pragmas', '-fpedantic-bottoms', '-fspec-constr-count=3', '-fspec-constr-threshold=2000', '-fspecialise', '-fcross-module-specialise', '-fstrictness', '-fstrictness-before=1', '-funbox-small-strict-fields', '-funfolding-dict-discount=30', '-funfolding-fun-discount=60', '-funfolding-use-threshold=60', '-fworker-wrapper']",0.436
67,aca1e641-2b15-4ece-bd0f-c1bd34874c55,fast,"['-O0', '-fcall-arity', '-fcase-merge', '-fcmm-elim-common-blocks', '-fcse', '-fdicts-strict', '-fdo-eta-reduction', '-fdo-lambda-eta-expansion', '-fenable-rewrite-rules', '-ffloat-in', '-fignore-interface-pragmas', '-flate-dmd-anal', '-fliberate-case', '-floopification', '-fno-opt-coercion', '-fno-pre-inlining', '-foptimal-applicative-do', '-fregs-graph', '-fregs-iterative', '-fsimplifier-phases=2', '-fsimpl-tick-factor=100', '-fspec-constr-count=3', '-fcross-module-specialise', '-fstrictness', '-funbox-small-strict-fields', '-funfolding-dict-discount=30', '-funfolding-keeness-factor=1.5', '-funfolding-use-threshold=60', '-fvectorise', '-fworker-wrapper']",0.437
68,842fac54-8137-4f0d-bc6f-1e2535277921,fast,"['-O0', '-fcall-arity', '-fcase-merge', '-fcmm-elim-common-blocks', '-fcmm-sink', '-fcse', '-fdicts-strict', '-fdmd-tx-dict-sel', '-fdo-lambda-eta-expansion', '-fexcess-precision', '-fexpose-all-unfoldings', '-ffloat-in', '-ffun-to-thunk', '-fliberate-case-threshold=2000', '-fmax-inline-alloc-size=128', '-fmax-relevant-binds=6', '-fmax-simplifier-iterations=4', '-fno-pre-inlining', '-fno-state-hack', '-fomit-interface-pragmas', '-fomit-yields', '-fregs-iterative', '-fsimplifier-phases=2', '-fspec-constr-threshold=2000', '-fcross-module-specialise', '-fstatic-argument-transformation', '-fstrictness-before=1', '-funbox-small-strict-fields', '-funbox-strict-fields', '-funfolding-creation-threshold=750', '-funfolding-dict-discount=30', '-funfolding-keeness-factor=1.5', '-funfolding-use-threshold=60', '-fvectorisation-avoidance', '-fworker-wrapper']",0.437
69,74cb606f-03c8-478e-bfb7-bbd16a4b849d,fast,"['-O0', '-fdicts-cheap', '-fdo-lambda-eta-expansion', '-feager-blackholing', '-fexpose-all-unfoldings', '-ffull-laziness', '-fignore-interface-pragmas', '-fliberate-case', '-floopification', '-fmax-inline-memset-insns=32', '-fmax-worker-args=10', '-fno-opt-coercion', '-fno-pre-inlining', '-fno-state-hack', '-fomit-interface-pragmas', '-foptimal-applicative-do', '-fregs-iterative', '-fspec-constr', '-fspec-constr-count=3', '-fcross-module-specialise', '-fstatic-argument-transformation', '-fstrictness-before=1', '-funbox-strict-fields', '-funfolding-dict-discount=30', '-funfolding-use-threshold=60', '-fvectorisation-avoidance', '-fworker-wrapper']",0.438
70,c13a4e19-1a4c-495c-b172-4b688bf4eedd,fast,"['-O0', '-fcase-merge', '-fcpr-anal', '-fcse', '-fdicts-cheap', '-fdicts-strict', '-fdo-lambda-eta-expansion', '-feager-blackholing', '-fexcess-precision', '-fexpose-all-unfoldings', '-ffun-to-thunk', '-fliberate-case-threshold=2000', '-fmax-inline-alloc-size=128', '-fmax-worker-args=10', '-fno-opt-coercion', '-fno-pre-inlining', '-fomit-interface-pragmas', '-foptimal-applicative-do', '-fregs-graph', '-fregs-iterative', '-fsimplifier-phases=2', '-fspec-constr-count=3', '-fspec-constr-threshold=2000', '-fspecialise', '-fstatic-argument-transformation', '-fstrictness-before=1', '-funbox-strict-fields', '-funfolding-creation-threshold=750', '-funfolding-fun-discount=60', '-fvectorise', '-fworker-wrapper']",0.438
71,25ef4317-af45-454d-ad4c-c9610ca63b2b,fast,"['-O0', '-fcall-arity', '-fcmm-elim-common-blocks', '-fcmm-sink', '-fcpr-anal', '-fdicts-cheap', '-fdicts-strict', '-fdo-eta-reduction', '-fdo-lambda-eta-expansion', '-fenable-rewrite-rules', '-fexpose-all-unfoldings', '-ffull-laziness', '-fignore-asserts', '-fignore-interface-pragmas', '-fliberate-case', '-fliberate-case-threshold=2000', '-floopification', '-fmax-inline-alloc-size=128', '-fmax-inline-memcpy-insns=32', '-fmax-relevant-binds=6', '-fmax-worker-args=10', '-fomit-interface-pragmas', '-fomit-yields', '-foptimal-applicative-do', '-fregs-graph', '-fsimplifier-phases=2', '-fsimpl-tick-factor=100', '-fspec-constr-threshold=2000', '-fspecialise', '-fstatic-argument-transformation', '-funbox-strict-fields', '-funfolding-creation-threshold=750', '-funfolding-dict-discount=30', '-funfolding-fun-discount=60', '-funfolding-keeness-factor=1.5', '-fvectorise', '-fworker-wrapper']",0.438
72,63ac82c7-8708-4f14-a4ed-282f0c1f2639,fast,"['-O0', '-fcase-merge', '-fdicts-cheap', '-fdicts-strict', '-fdo-eta-reduction', '-fdo-lambda-eta-expansion', '-feager-blackholing', '-fenable-rewrite-rules', '-fexcess-precision', '-ffun-to-thunk', '-fignore-interface-pragmas', '-flate-dmd-anal', '-fliberate-case', '-floopification', '-fmax-inline-memcpy-insns=32', '-foptimal-applicative-do', '-fregs-iterative', '-fsimplifier-phases=2', '-fspecialise', '-fstatic-argument-transformation', '-funbox-small-strict-fields', '-funbox-strict-fields', '-funfolding-keeness-factor=1.5', '-funfolding-use-threshold=60', '-fvectorisation-avoidance', '-fworker-wrapper']",0.438
73,c401c342-5b46-4d55-a3b2-defb0fd9c118,fast,"['-O0', '-fcmm-sink', '-fcpr-anal', '-fdicts-cheap', '-fdicts-strict', '-fdo-eta-reduction', '-fenable-rewrite-rules', '-fexpose-all-unfoldings', '-ffun-to-thunk', '-fignore-asserts', '-flate-dmd-anal', '-floopification', '-fmax-inline-alloc-size=128', '-fmax-simplifier-iterations=4', '-fmax-worker-args=10', '-fpedantic-bottoms', '-fregs-graph', '-fregs-iterative', '-fsimpl-tick-factor=100', '-fspec-constr', '-fspec-constr-count=3', '-fspecialise', '-fstrictness-before=1', '-funbox-small-strict-fields', '-funbox-strict-fields', '-funfolding-dict-discount=30', '-funfolding-fun-discount=60', '-funfolding-use-threshold=60']",0.438
74,d1a26419-84f5-4541-87a7-2f5acd448679,fast,"['-O0', '-fcall-arity', '-fcase-merge', '-fcmm-sink', '-fdicts-cheap', '-fdicts-strict', '-fdo-eta-reduction', '-fexpose-all-unfoldings', '-ffull-laziness', '-fignore-interface-pragmas', '-floopification', '-fmax-inline-memset-insns=32', '-fmax-worker-args=10', '-fno-pre-inlining', '-fpedantic-bottoms', '-fregs-iterative', '-fspec-constr-count=3', '-fspecialise', '-fcross-module-specialise', '-fstrictness', '-funbox-small-strict-fields', '-funfolding-creation-threshold=750', '-funfolding-use-threshold=60', '-fvectorisation-avoidance', '-fworker-wrapper']",0.438
75,dcfdcb47-7945-40a0-bcac-fc503feedf3b,fast,"['-O0', '-fcase-merge', '-fcmm-elim-common-blocks', '-fcmm-sink', '-fcse', '-fdicts-cheap', '-fdo-eta-reduction', '-fdo-lambda-eta-expansion', '-fexcess-precision', '-fexpose-all-unfoldings', '-ffun-to-thunk', '-fignore-interface-pragmas', '-fliberate-case', '-floopification', '-fmax-inline-alloc-size=128', '-fmax-inline-memset-insns=32', '-fmax-simplifier-iterations=4', '-fno-opt-coercion', '-fno-pre-inlining', '-fomit-yields', '-foptimal-applicative-do', '-fregs-graph', '-fregs-iterative', '-fsimplifier-phases=2', '-fsimpl-tick-factor=100', '-fspecialise', '-fcross-module-specialise', '-fstrictness', '-funfolding-dict-discount=30', '-funfolding-fun-discount=60', '-funfolding-use-threshold=60', '-fvectorisation-avoidance', '-fworker-wrapper']",0.438
76,27c2af12-59a1-476b-8623-2c7f3fa07bcb,fast,"['-O0', '-fcall-arity', '-fcase-merge', '-fcmm-sink', '-fcpr-anal', '-fcse', '-fdo-eta-reduction', '-fdo-lambda-eta-expansion', '-fenable-rewrite-rules', '-fexcess-precision', '-fexpose-all-unfoldings', '-fignore-asserts', '-flate-dmd-anal', '-floopification', '-fmax-inline-memset-insns=32', '-fmax-relevant-binds=6', '-fmax-simplifier-iterations=4', '-fmax-worker-args=10', '-fno-opt-coercion', '-fomit-interface-pragmas', '-fpedantic-bottoms', '-fregs-iterative', '-fsimpl-tick-factor=100', '-fspec-constr', '-fspec-constr-threshold=2000', '-fcross-module-specialise', '-funbox-strict-fields', '-funfolding-dict-discount=30', '-funfolding-fun-discount=60', '-funfolding-use-threshold=60', '-fvectorise']",0.438
77,44e5c8b1-909e-4c47-b24b-164cb56d7b5e,fast,"['-O0', '-fcall-arity', '-fcmm-elim-common-blocks', '-fcmm-sink', '-fcpr-anal', '-fcse', '-fdicts-cheap', '-fdicts-strict', '-fdo-eta-reduction', '-fdo-lambda-eta-expansion', '-feager-blackholing', '-fexcess-precision', '-fexpose-all-unfoldings', '-ffloat-in', '-fignore-interface-pragmas', '-fliberate-case', '-fmax-inline-alloc-size=128', '-fmax-inline-memcpy-insns=32', '-fmax-inline-memset-insns=32', '-fmax-relevant-binds=6', '-fno-opt-coercion', '-fno-state-hack', '-fomit-interface-pragmas', '-foptimal-applicative-do', '-fregs-graph', '-fsimpl-tick-factor=100', '-fspec-constr', '-fspec-constr-count=3', '-fspecialise', '-fstatic-argument-transformation', '-funbox-small-strict-fields', '-funbox-strict-fields', '-funfolding-dict-discount=30', '-funfolding-use-threshold=60', '-fworker-wrapper']",0.438
78,84225b1b-ed89-4ef4-a3c2-7f1bbadf5b7f,fast,"['-O0', '-fcall-arity', '-fcmm-elim-common-blocks', '-fdicts-strict', '-fdo-eta-reduction', '-fdo-lambda-eta-expansion', '-feager-blackholing', '-fexpose-all-unfoldings', '-ffun-to-thunk', '-flate-dmd-anal', '-floopification', '-fmax-inline-alloc-size=128', '-fmax-relevant-binds=6', '-fmax-worker-args=10', '-fno-opt-coercion', '-fomit-yields', '-fpedantic-bottoms', '-fsimplifier-phases=2', '-fsimpl-tick-factor=100', '-fspec-constr', '-funbox-small-strict-fields', '-funfolding-creation-threshold=750', '-funfolding-dict-discount=30']",0.438
79,843ae055-8ed9-4652-8152-76dcab929adf,fast,"['-O0', '-fcall-arity', '-fcmm-elim-common-blocks', '-fcpr-anal', '-fdicts-cheap', '-fdmd-tx-dict-sel', '-fdo-eta-reduction', '-fdo-lambda-eta-expansion', '-feager-blackholing', '-fenable-rewrite-rules', '-fexcess-precision', '-ffloat-in', '-ffun-to-thunk', '-fignore-interface-pragmas', '-floopification', '-fmax-inline-alloc-size=128', '-fmax-inline-memcpy-insns=32', '-fmax-relevant-binds=6', '-fmax-simplifier-iterations=4', '-fno-pre-inlining', '-fno-state-hack', '-fomit-interface-pragmas', '-fomit-yields', '-foptimal-applicative-do', '-fregs-graph', '-fregs-iterative', '-fsimplifier-phases=2', '-fsimpl-tick-factor=100', '-fspec-constr', '-fspec-constr-count=3', '-fspec-constr-threshold=2000', '-fstrictness', '-fstrictness-before=1', '-funfolding-dict-discount=30', '-funfolding-keeness-factor=1.5', '-funfolding-use-threshold=60', '-fvectorise']",0.438
80,89539ad7-2d83-4a88-a8dc-2c26699fc99f,fast,"['-O0', '-fcmm-sink', '-fcpr-anal', '-fdicts-strict', '-fdmd-tx-dict-sel', '-fdo-eta-reduction', '-fexcess-precision', '-ffun-to-thunk', '-fignore-asserts', '-fignore-interface-pragmas', '-fmax-inline-memcpy-insns=32', '-fno-state-hack', '-fpedantic-bottoms', '-fregs-graph', '-fsimpl-tick-factor=100', '-fspec-constr-count=3', '-fstrictness', '-fstrictness-before=1', '-funfolding-creation-threshold=750', '-funfolding-fun-discount=60', '-funfolding-keeness-factor=1.5', '-fvectorise', '-fworker-wrapper']",0.438
81,e5507886-0d10-4144-9b96-4c4b5190f1e5,fast,"['-O0', '-fcall-arity', '-fcmm-sink', '-fcpr-anal', '-fcse', '-fdicts-strict', '-fdmd-tx-dict-sel', '-fdo-eta-reduction', '-feager-blackholing', '-fenable-rewrite-rules', '-fexpose-all-unfoldings', '-ffull-laziness', '-fignore-interface-pragmas', '-fliberate-case', '-fliberate-case-threshold=2000', '-fmax-inline-alloc-size=128', '-fmax-relevant-binds=6', '-fmax-worker-args=10', '-fomit-yields', '-foptimal-applicative-do', '-fregs-graph', '-fspec-constr', '-fspec-constr-count=3', '-fstrictness', '-fvectorisation-avoidance', '-fvectorise', '-fworker-wrapper']",0.438
82,65af874d-4287-4351-9323-4544272697f6,fast,"['-O0', '-fcall-arity', '-fcpr-anal', '-fdicts-strict', '-fenable-rewrite-rules', '-fexcess-precision', '-fignore-interface-pragmas', '-flate-dmd-anal', '-fliberate-case', '-fliberate-case-threshold=2000', '-floopification', '-fmax-inline-alloc-size=128', '-fmax-inline-memset-insns=32', '-fmax-simplifier-iterations=4', '-fmax-worker-args=10', '-fno-pre-inlining', '-fno-state-hack', '-fomit-interface-pragmas', '-fomit-yields', '-foptimal-applicative-do', '-fpedantic-bottoms', '-fregs-iterative', '-fsimplifier-phases=2', '-fspec-constr-count=3', '-fcross-module-specialise', '-fstatic-argument-transformation', '-fstrictness', '-funfolding-dict-discount=30', '-funfolding-fun-discount=60', '-funfolding-use-threshold=60', '-fvectorisation-avoidance']",0.439
83,e4ce34d6-5bc1-453c-ad48-84e6d0869718,fast,"['-O0', '-fcmm-elim-common-blocks', '-fcmm-sink', '-fcpr-anal', '-fdicts-cheap', '-fdmd-tx-dict-sel', '-fexcess-precision', '-fexpose-all-unfoldings', '-ffloat-in', '-ffun-to-thunk', '-fliberate-case-threshold=2000', '-floopification', '-fmax-inline-memcpy-insns=32', '-fmax-inline-memset-insns=32', '-fno-opt-coercion', '-fregs-iterative', '-fspec-constr-threshold=2000', '-fcross-module-specialise', '-fstatic-argument-transformation', '-fstrictness', '-fstrictness-before=1', '-funfolding-dict-discount=30', '-funfolding-fun-discount=60', '-funfolding-use-threshold=60', '-fvectorisation-avoidance']",0.439
84,a5423d09-7db1-4e1e-a83c-b6ef196e8173,fast,"['-O0', '-fcall-arity', '-fcmm-sink', '-fcpr-anal', '-fdicts-strict', '-fdo-eta-reduction', '-fexcess-precision', '-ffull-laziness', '-fignore-asserts', '-fliberate-case-threshold=2000', '-floopification', '-fmax-inline-memset-insns=32', '-fmax-relevant-binds=6', '-fmax-worker-args=10', '-fno-pre-inlining', '-foptimal-applicative-do', '-fpedantic-bottoms', '-fregs-graph', '-fsimplifier-phases=2', '-fspec-constr', '-fspec-constr-count=3', '-fspecialise', '-fcross-module-specialise', '-fstatic-argument-transformation', '-fstrictness', '-funbox-small-strict-fields']",0.439
85,5eaf94a8-8533-4bce-bfce-1993ba229b5a,fast,"['-O0', '-fcall-arity', '-fcmm-elim-common-blocks', '-fcmm-sink', '-fcse', '-fdicts-cheap', '-fdicts-strict', '-ffloat-in', '-ffun-to-thunk', '-fignore-asserts', '-fliberate-case-threshold=2000', '-fmax-inline-alloc-size=128', '-fmax-inline-memcpy-insns=32', '-fmax-simplifier-iterations=4', '-fno-state-hack', '-fomit-interface-pragmas', '-fregs-iterative', '-fsimpl-tick-factor=100', '-fspec-constr-count=3', '-fspec-constr-threshold=2000', '-funbox-small-strict-fields', '-funbox-strict-fields', '-funfolding-creation-threshold=750', '-funfolding-keeness-factor=1.5', '-fvectorisation-avoidance', '-fvectorise']",0.439
86,aa761f92-089e-414b-b67f-b8adb73917e1,fast,"['-O0', '-fcase-merge', '-fcmm-elim-common-blocks', '-fcmm-sink', '-fcpr-anal', '-fdmd-tx-dict-sel', '-fdo-lambda-eta-expansion', '-ffun-to-thunk', '-fignore-asserts', '-flate-dmd-anal', '-fliberate-case', '-fmax-inline-memcpy-insns=32', '-fmax-relevant-binds=6', '-fno-opt-coercion', '-fno-state-hack', '-foptimal-applicative-do', '-fregs-iterative', '-fspec-constr', '-fspec-constr-count=3', '-funfolding-fun-discount=60', '-fvectorise', '-fworker-wrapper']",0.439
87,8884943d-fe98-4734-9974-f119d65b6283,fast,"['-O0', '-fcmm-sink', '-fcpr-anal', '-fcse', '-fdicts-cheap', '-fdmd-tx-dict-sel', '-fdo-eta-reduction', '-fdo-lambda-eta-expansion', '-feager-blackholing', '-fexpose-all-unfoldings', '-ffloat-in', '-ffull-laziness', '-ffun-to-thunk', '-flate-dmd-anal', '-fliberate-case', '-fmax-inline-memset-insns=32', '-fmax-simplifier-iterations=4', '-fno-state-hack', '-fregs-graph', '-fsimplifier-phases=2', '-fsimpl-tick-factor=100', '-fspec-constr', '-fspec-constr-count=3', '-fspec-constr-threshold=2000', '-fspecialise', '-fstatic-argument-transformation', '-fstrictness-before=1', '-funbox-small-strict-fields', '-funfolding-creation-threshold=750', '-fworker-wrapper']",0.439
88,ce6b7a35-fb46-455f-93e9-37066f3c8825,fast,"['-O0', '-fcase-merge', '-fcse', '-fdicts-cheap', '-fdo-lambda-eta-expansion', '-fenable-rewrite-rules', '-fexcess-precision', '-ffloat-in', '-ffun-to-thunk', '-fmax-inline-memcpy-insns=32', '-fmax-inline-memset-insns=32', '-fmax-worker-args=10', '-fno-opt-coercion', '-fno-pre-inlining', '-fno-state-hack', '-fpedantic-bottoms', '-fregs-graph', '-fregs-iterative', '-fspec-constr', '-fspec-constr-count=3', '-fspecialise', '-fcross-module-specialise', '-fstatic-argument-transformation', '-fstrictness', '-funfolding-dict-discount=30', '-funfolding-keeness-factor=1.5', '-funfolding-use-threshold=60', '-fvectorise']",0.439
89,2e58824f-12df-4acd-98a9-9c05b272e06d,fast,"['-O0', '-fcall-arity', '-fcase-merge', '-fcmm-elim-common-blocks', '-fcpr-anal', '-fdmd-tx-dict-sel', '-fdo-eta-reduction', '-fdo-lambda-eta-expansion', '-fexcess-precision', '-ffull-laziness', '-ffun-to-thunk', '-fignore-asserts', '-flate-dmd-anal', '-fliberate-case-threshold=2000', '-fmax-inline-alloc-size=128', '-fmax-inline-memcpy-insns=32', '-fmax-inline-memset-insns=32', '-fno-opt-coercion', '-fno-pre-inlining', '-fno-state-hack', '-fomit-interface-pragmas', '-fomit-yields', '-foptimal-applicative-do', '-fpedantic-bottoms', '-fregs-graph', '-fregs-iterative', '-fspec-constr-count=3', '-fspec-constr-threshold=2000', '-fspecialise', '-fstatic-argument-transformation', '-fstrictness', '-fstrictness-before=1', '-funbox-small-strict-fields', '-funbox-strict-fields', '-funfolding-creation-threshold=750', '-funfolding-fun-discount=60', '-funfolding-use-threshold=60', '-fworker-wrapper']",0.439
90,f2e4e07f-1121-4b73-806c-789557e9883f,fast,"['-O0', '-fcmm-elim-common-blocks', '-fcmm-sink', '-fcpr-anal', '-fdicts-cheap', '-fdicts-strict', '-fdmd-tx-dict-sel', '-fdo-eta-reduction', '-feager-blackholing', '-fenable-rewrite-rules', '-fexcess-precision', '-ffloat-in', '-fignore-interface-pragmas', '-flate-dmd-anal', '-fliberate-case', '-floopification', '-fmax-inline-alloc-size=128', '-fmax-worker-args=10', '-fno-opt-coercion', '-fno-pre-inlining', '-fno-state-hack', '-fomit-interface-pragmas', '-fregs-graph', '-fregs-iterative', '-fsimpl-tick-factor=100', '-fspec-constr-count=3', '-fspec-constr-threshold=2000', '-fcross-module-specialise', '-fstatic-argument-transformation', '-fstrictness-before=1', '-funfolding-creation-threshold=750', '-funfolding-dict-discount=30', '-funfolding-fun-discount=60', '-fworker-wrapper']",0.439
91,dc439e82-fe3f-4b5d-b345-d7e091cce9bf,fast,"['-O0', '-fcall-arity', '-fcase-merge', '-fcmm-elim-common-blocks', '-fenable-rewrite-rules', '-fexpose-all-unfoldings', '-ffloat-in', '-ffull-laziness', '-flate-dmd-anal', '-fmax-relevant-binds=6', '-fmax-simplifier-iterations=4', '-fno-opt-coercion', '-fno-pre-inlining', '-fno-state-hack', '-fomit-interface-pragmas', '-fomit-yields', '-fpedantic-bottoms', '-fregs-iterative', '-fspec-constr-count=3', '-fspec-constr-threshold=2000', '-fcross-module-specialise', '-fstrictness', '-funbox-strict-fields', '-funfolding-fun-discount=60', '-funfolding-use-threshold=60', '-fvectorisation-avoidance', '-fvectorise']",0.439
92,4c3841b9-3d9e-4c36-b296-eec8d1838bc0,fast,"['-O0', '-fcmm-elim-common-blocks', '-fcmm-sink', '-fcse', '-fdo-lambda-eta-expansion', '-fenable-rewrite-rules', '-fexpose-all-unfoldings', '-ffull-laziness', '-ffun-to-thunk', '-fignore-asserts', '-fmax-relevant-binds=6', '-fmax-simplifier-iterations=4', '-fmax-worker-args=10', '-fno-pre-inlining', '-fno-state-hack', '-fpedantic-bottoms', '-fspec-constr', '-fspecialise', '-fcross-module-specialise', '-fstrictness', '-funbox-small-strict-fields', '-funfolding-creation-threshold=750', '-funfolding-dict-discount=30', '-funfolding-keeness-factor=1.5', '-fvectorisation-avoidance', '-fworker-wrapper']",0.439
93,33d22607-c894-45ae-9d02-a62ec9f25c85,fast,"['-O0', '-fcmm-sink', '-fdicts-cheap', '-fdicts-strict', '-feager-blackholing', '-fenable-rewrite-rules', '-fexcess-precision', '-ffull-laziness', '-ffun-to-thunk', '-fliberate-case', '-floopification', '-fmax-inline-memcpy-insns=32', '-fmax-inline-memset-insns=32', '-fmax-simplifier-iterations=4', '-fmax-worker-args=10', '-fno-opt-coercion', '-fno-state-hack', '-fomit-interface-pragmas', '-fomit-yields', '-fpedantic-bottoms', '-fregs-graph', '-fregs-iterative', '-fsimplifier-phases=2', '-fspec-constr-count=3', '-fspecialise', '-funbox-strict-fields', '-funfolding-creation-threshold=750', '-funfolding-use-threshold=60', '-fvectorise']",0.439
94,aa0a48db-a2e6-4590-b1fa-3f96a665a990,fast,"['-O0', '-fcall-arity', '-fcase-merge', '-fcpr-anal', '-fcse', '-fdo-eta-reduction', '-fdo-lambda-eta-expansion', '-ffull-laziness', '-fignore-asserts', '-fignore-interface-pragmas', '-fmax-inline-alloc-size=128', '-fmax-inline-memcpy-insns=32', '-fmax-inline-memset-insns=32', '-fmax-simplifier-iterations=4', '-fmax-worker-args=10', '-fno-pre-inlining', '-fno-state-hack', '-foptimal-applicative-do', '-fpedantic-bottoms', '-fregs-graph', '-fsimplifier-phases=2', '-fspec-constr', '-fspec-constr-count=3', '-fspec-constr-threshold=2000', '-fspecialise', '-fcross-module-specialise', '-fstatic-argument-transformation', '-fstrictness', '-fstrictness-before=1', '-funbox-small-strict-fields', '-funbox-strict-fields', '-funfolding-dict-discount=30', '-funfolding-use-threshold=60', '-fvectorisation-avoidance', '-fvectorise', '-fworker-wrapper']",0.439
95,efd09ad4-ebbe-48d5-866e-142a6b7988ad,fast,"['-O0', '-fcall-arity', '-fcase-merge', '-fcmm-sink', '-fdicts-strict', '-fdmd-tx-dict-sel', '-fdo-eta-reduction', '-fdo-lambda-eta-expansion', '-fexpose-all-unfoldings', '-ffull-laziness', '-ffun-to-thunk', '-fliberate-case', '-fmax-inline-memset-insns=32', '-fmax-simplifier-iterations=4', '-fmax-worker-args=10', '-fno-opt-coercion', '-fomit-yields', '-foptimal-applicative-do', '-fpedantic-bottoms', '-fregs-graph', '-fregs-iterative', '-fsimplifier-phases=2', '-fstatic-argument-transformation', '-funbox-strict-fields', '-funfolding-dict-discount=30', '-funfolding-use-threshold=60', '-fvectorise', '-fworker-wrapper']",0.439
96,2b077ee5-38d5-4980-864b-d2289416a32d,fast,"['-O0', '-fcpr-anal', '-fcse', '-fdmd-tx-dict-sel', '-fexpose-all-unfoldings', '-ffull-laziness', '-ffun-to-thunk', '-fignore-interface-pragmas', '-fliberate-case', '-fmax-inline-alloc-size=128', '-fmax-inline-memcpy-insns=32', '-fmax-inline-memset-insns=32', '-fno-opt-coercion', '-fno-pre-inlining', '-fomit-yields', '-foptimal-applicative-do', '-fregs-graph', '-fregs-iterative', '-fsimpl-tick-factor=100', '-fspec-constr-count=3', '-fspec-constr-threshold=2000', '-fcross-module-specialise', '-fstrictness', '-funfolding-fun-discount=60', '-funfolding-use-threshold=60', '-fvectorise', '-fworker-wrapper']",0.439
97,bf720823-d8c0-436c-b62c-533ee58b884b,fast,"['-O0', '-fcmm-elim-common-blocks', '-fcmm-sink', '-fcse', '-fdicts-cheap', '-fdicts-strict', '-fdo-eta-reduction', '-feager-blackholing', '-fenable-rewrite-rules', '-ffun-to-thunk', '-flate-dmd-anal', '-fliberate-case-threshold=2000', '-floopification', '-fmax-relevant-binds=6', '-fno-pre-inlining', '-fno-state-hack', '-fpedantic-bottoms', '-fregs-graph', '-fregs-iterative', '-fsimpl-tick-factor=100', '-fspec-constr', '-fspec-constr-count=3', '-fspecialise', '-fcross-module-specialise', '-fstatic-argument-transformation', '-funfolding-creation-threshold=750', '-funfolding-dict-discount=30', '-fvectorisation-avoidance', '-fvectorise', '-fworker-wrapper']",0.439
98,cc10e91b-8ada-43cb-a297-32c80cb28691,fast,"['-O0', '-fcmm-elim-common-blocks', '-fcmm-sink', '-fdmd-tx-dict-sel', '-fdo-eta-reduction', '-fdo-lambda-eta-expansion', '-fenable-rewrite-rules', '-fexcess-precision', '-ffloat-in', '-ffull-laziness', '-ffun-to-thunk', '-flate-dmd-anal', '-fliberate-case-threshold=2000', '-floopification', '-fmax-inline-memset-insns=32', '-fmax-relevant-binds=6', '-fmax-worker-args=10', '-fno-opt-coercion', '-fno-pre-inlining', '-fno-state-hack', '-fomit-interface-pragmas', '-fomit-yields', '-foptimal-applicative-do', '-fsimplifier-phases=2', '-fsimpl-tick-factor=100', '-fspec-constr-count=3', '-fspec-constr-threshold=2000', '-fspecialise', '-fstatic-argument-transformation', '-fstrictness', '-funbox-small-strict-fields', '-funbox-strict-fields', '-funfolding-keeness-factor=1.5', '-fvectorisation-avoidance', '-fworker-wrapper']",0.44
99,5af13b62-d9b7-4aa6-987b-c039b6c09394,fast,"['-O0', '-fcase-merge', '-fcmm-elim-common-blocks', '-fcmm-sink', '-fdicts-strict', '-fdo-lambda-eta-expansion', '-fenable-rewrite-rules', '-fexpose-all-unfoldings', '-ffun-to-thunk', '-flate-dmd-anal', '-fmax-inline-alloc-size=128', '-fmax-inline-memcpy-insns=32', '-fmax-relevant-binds=6', '-fno-state-hack', '-fomit-interface-pragmas', '-foptimal-applicative-do', '-fregs-graph', '-fsimplifier-phases=2', '-fsimpl-tick-factor=100', '-fspec-constr', '-fspec-constr-threshold=2000', '-fspecialise', '-fcross-module-specialise', '-fstrictness', '-fstrictness-before=1', '-funfolding-creation-threshold=750', '-funfolding-fun-discount=60', '-fvectorisation-avoidance']",0.44
100,78b577ce-19ca-4404-b9b2-e8a736cbd565,fast,"['-O0', '-fcall-arity', '-fcmm-elim-common-blocks', '-fcmm-sink', '-fdicts-strict', '-fdo-lambda-eta-expansion', '-fexcess-precision', '-ffloat-in', '-ffull-laziness', '-fignore-asserts', '-fignore-interface-pragmas', '-flate-dmd-anal', '-floopification', '-fmax-inline-memset-insns=32', '-fmax-relevant-binds=6', '-fmax-worker-args=10', '-fomit-interface-pragmas', '-foptimal-applicative-do', '-fsimpl-tick-factor=100', '-fspec-constr', '-fspecialise', '-fstatic-argument-transformation', '-fstrictness-before=1', '-funbox-small-strict-fields', '-funbox-strict-fields', '-funfolding-creation-threshold=750', '-funfolding-dict-discount=30', '-funfolding-use-threshold=60', '-fvectorisation-avoidance']",0.44
101,127c8bf7-edec-4e2b-a4b9-334dfee1bede,fast,"['-O0', '-fcall-arity', '-fcmm-elim-common-blocks', '-fdo-eta-reduction', '-feager-blackholing', '-fexpose-all-unfoldings', '-ffull-laziness', '-flate-dmd-anal', '-fliberate-case', '-fmax-inline-memcpy-insns=32', '-fmax-worker-args=10', '-fno-opt-coercion', '-fno-pre-inlining', '-fomit-yields', '-fpedantic-bottoms', '-fregs-graph', '-fregs-iterative', '-fsimplifier-phases=2', '-fsimpl-tick-factor=100', '-fspec-constr', '-fspecialise', '-fcross-module-specialise', '-fstatic-argument-transformation', '-funbox-strict-fields', '-funfolding-fun-discount=60', '-funfolding-keeness-factor=1.5', '-funfolding-use-threshold=60', '-fvectorise']",0.44
102,58e179e0-ef4c-4d08-b197-a6c3c302e13d,fast,"['-O0', '-fcall-arity', '-fcmm-elim-common-blocks', '-fcse', '-fdicts-cheap', '-fdicts-strict', '-fdmd-tx-dict-sel', '-fdo-eta-reduction', '-fexcess-precision', '-ffull-laziness', '-flate-dmd-anal', '-floopification', '-fmax-inline-alloc-size=128', '-fmax-inline-memcpy-insns=32', '-fmax-relevant-binds=6', '-fmax-worker-args=10', '-fno-pre-inlining', '-foptimal-applicative-do', '-fsimplifier-phases=2', '-fspec-constr', '-fspec-constr-threshold=2000', '-fstatic-argument-transformation', '-fstrictness', '-funbox-small-strict-fields', '-funfolding-creation-threshold=750', '-funfolding-fun-discount=60', '-funfolding-use-threshold=60', '-fvectorisation-avoidance']",0.44
103,cd96d7b0-3ef4-4b9c-9c91-dd72ae0ee49a,fast,"['-O0', '-fcase-merge', '-fcmm-elim-common-blocks', '-fcpr-anal', '-fdicts-strict', '-fdmd-tx-dict-sel', '-fdo-eta-reduction', '-fexcess-precision', '-ffloat-in', '-ffun-to-thunk', '-fignore-asserts', '-flate-dmd-anal', '-fliberate-case', '-fliberate-case-threshold=2000', '-floopification', '-fmax-inline-alloc-size=128', '-fmax-relevant-binds=6', '-fmax-simplifier-iterations=4', '-fmax-worker-args=10', '-fno-state-hack', '-fomit-yields', '-fsimplifier-phases=2', '-fsimpl-tick-factor=100', '-fspecialise', '-fstrictness-before=1', '-funbox-small-strict-fields', '-funfolding-creation-threshold=750', '-funfolding-dict-discount=30', '-funfolding-fun-discount=60', '-fvectorisation-avoidance']",0.44
104,dd9fb19b-7d70-4fee-9deb-534f0195fe88,fast,"['-O0', '-fcall-arity', '-fcase-merge', '-fcmm-sink', '-fcpr-anal', '-fdicts-cheap', '-fenable-rewrite-rules', '-fexcess-precision', '-ffloat-in', '-ffull-laziness', '-ffun-to-thunk', '-fignore-interface-pragmas', '-flate-dmd-anal', '-fliberate-case', '-fliberate-case-threshold=2000', '-floopification', '-fmax-inline-memset-insns=32', '-fmax-worker-args=10', '-fno-opt-coercion', '-fno-state-hack', '-fomit-interface-pragmas', '-fomit-yields', '-fpedantic-bottoms', '-fsimplifier-phases=2', '-fsimpl-tick-factor=100', '-fspec-constr', '-fspec-constr-count=3', '-fcross-module-specialise', '-fstatic-argument-transformation', '-fstrictness', '-funbox-small-strict-fields', '-funfolding-dict-discount=30', '-funfolding-keeness-factor=1.5', '-funfolding-use-threshold=60']",0.44
105,86a8118a-3ad9-409b-ade8-ec0dddcf7dad,fast,"['-O0', '-fcall-arity', '-fcase-merge', '-fcpr-anal', '-fdicts-cheap', '-fdmd-tx-dict-sel', '-fdo-eta-reduction', '-fexcess-precision', '-ffloat-in', '-ffull-laziness', '-fignore-asserts', '-flate-dmd-anal', '-floopification', '-fmax-inline-memcpy-insns=32', '-fmax-worker-args=10', '-fno-state-hack', '-fomit-interface-pragmas', '-foptimal-applicative-do', '-fregs-iterative', '-fsimplifier-phases=2', '-fsimpl-tick-factor=100', '-fspec-constr', '-fspec-constr-count=3', '-fspec-constr-threshold=2000', '-fcross-module-specialise', '-funbox-small-strict-fields', '-funfolding-fun-discount=60', '-fvectorise']",0.44
106,53d83fa7-659f-4a5f-bafa-8461e41062ed,fast,"['-O0', '-fcall-arity', '-fcase-merge', '-fcpr-anal', '-fdicts-strict', '-fdo-eta-reduction', '-fdo-lambda-eta-expansion', '-fenable-rewrite-rules', '-fexcess-precision', '-fignore-asserts', '-fignore-interface-pragmas', '-fmax-inline-alloc-size=128', '-fmax-inline-memset-insns=32', '-fmax-relevant-binds=6', '-fno-opt-coercion', '-fno-state-hack', '-fregs-graph', '-fsimplifier-phases=2', '-fspec-constr', '-fcross-module-specialise', '-funbox-small-strict-fields', '-funfolding-dict-discount=30', '-fvectorisation-avoidance', '-fworker-wrapper']",0.44
107,4c2a8bc7-af31-4d36-a5e5-63b328d279a7,fast,"['-O0', '-fcall-arity', '-fcmm-elim-common-blocks', '-fcmm-sink', '-fdicts-cheap', '-fdicts-strict', '-fdo-eta-reduction', '-feager-blackholing', '-fenable-rewrite-rules', '-ffull-laziness', '-ffun-to-thunk', '-fignore-asserts', '-fliberate-case', '-fliberate-case-threshold=2000', '-fmax-inline-memcpy-insns=32', '-fmax-inline-memset-insns=32', '-fmax-simplifier-iterations=4', '-fmax-worker-args=10', '-fno-pre-inlining', '-fomit-yields', '-foptimal-applicative-do', '-fcross-module-specialise', '-fstatic-argument-transformation', '-funbox-strict-fields', '-funfolding-creation-threshold=750', '-funfolding-use-threshold=60', '-fvectorisation-avoidance', '-fvectorise']",0.44
108,35d3abcc-8139-46e5-bb54-30f4e5432f72,fast,"['-O0', '-fcall-arity', '-fcmm-sink', '-fdicts-cheap', '-fdmd-tx-dict-sel', '-fdo-eta-reduction', '-feager-blackholing', '-fenable-rewrite-rules', '-fexcess-precision', '-ffloat-in', '-ffull-laziness', '-fignore-asserts', '-fignore-interface-pragmas', '-flate-dmd-anal', '-fliberate-case', '-floopification', '-fno-state-hack', '-fomit-interface-pragmas', '-fpedantic-bottoms', '-fregs-iterative', '-fsimpl-tick-factor=100', '-fspec-constr', '-fspec-constr-count=3', '-funfolding-dict-discount=30', '-funfolding-fun-discount=60', '-funfolding-keeness-factor=1.5', '-fworker-wrapper']",0.44
109,75446d02-dbdd-4a50-8047-fed080a65791,fast,"['-O0', '-fcall-arity', '-fcmm-elim-common-blocks', '-fcmm-sink', '-fcpr-anal', '-fdicts-cheap', '-fdo-eta-reduction', '-fdo-lambda-eta-expansion', '-feager-blackholing', '-fenable-rewrite-rules', '-fexcess-precision', '-fexpose-all-unfoldings', '-ffloat-in', '-ffull-laziness', '-ffun-to-thunk', '-fignore-asserts', '-fliberate-case', '-fmax-inline-memcpy-insns=32', '-fmax-simplifier-iterations=4', '-fno-opt-coercion', '-fno-pre-inlining', '-fno-state-hack', '-fomit-yields', '-fpedantic-bottoms', '-fregs-graph', '-fspec-constr-count=3', '-fspec-constr-threshold=2000', '-fcross-module-specialise', '-fstatic-argument-transformation', '-fstrictness', '-funfolding-keeness-factor=1.5', '-fvectorise', '-fworker-wrapper']",0.44
110,6e915576-e0f7-4d4c-a6cf-f94db85539d3,fast,"['-O0', '-fcall-arity', '-fcse', '-fdmd-tx-dict-sel', '-feager-blackholing', '-fexcess-precision', '-fexpose-all-unfoldings', '-ffull-laziness', '-fliberate-case-threshold=2000', '-fmax-inline-alloc-size=128', '-fmax-relevant-binds=6', '-fmax-simplifier-iterations=4', '-fno-opt-coercion', '-fomit-yields', '-foptimal-applicative-do', '-fregs-graph', '-fsimplifier-phases=2', '-fsimpl-tick-factor=100', '-fspec-constr', '-fspec-constr-count=3', '-fspec-constr-threshold=2000', '-fcross-module-specialise', '-fstatic-argument-transformation', '-funfolding-dict-discount=30', '-funfolding-fun-discount=60', '-funfolding-keeness-factor=1.5', '-fworker-wrapper']",0.44
111,4f8d73b7-aecb-467d-8b2a-b6ea6a311c5f,fast,"['-O0', '-fcase-merge', '-fcmm-elim-common-blocks', '-fcpr-anal', '-fcse', '-fdmd-tx-dict-sel', '-fdo-lambda-eta-expansion', '-fexcess-precision', '-fexpose-all-unfoldings', '-fignore-asserts', '-flate-dmd-anal', '-fliberate-case', '-fliberate-case-threshold=2000', '-floopification', '-fmax-inline-memcpy-insns=32', '-fmax-inline-memset-insns=32', '-fmax-relevant-binds=6', '-fmax-simplifier-iterations=4', '-fno-pre-inlining', '-fno-state-hack', '-fomit-interface-pragmas', '-fregs-iterative', '-fspec-constr', '-fspec-constr-count=3', '-fspec-constr-threshold=2000', '-fspecialise', '-fstatic-argument-transformation', '-fstrictness', '-funbox-small-strict-fields', '-funbox-strict-fields', '-funfolding-fun-discount=60']",0.44
112,8bb329b7-6a96-4cdd-b15b-0a3fad98a17f,fast,"['-O0', '-fcmm-sink', '-fdicts-strict', '-fenable-rewrite-rules', '-fexcess-precision', '-ffun-to-thunk', '-flate-dmd-anal', '-fliberate-case', '-fmax-inline-alloc-size=128', '-fmax-inline-memcpy-insns=32', '-fmax-inline-memset-insns=32', '-fmax-worker-args=10', '-fno-opt-coercion', '-fomit-interface-pragmas', '-fomit-yields', '-fregs-graph', '-fsimplifier-phases=2', '-fspec-constr-count=3', '-fspecialise', '-fcross-module-specialise', '-funbox-small-strict-fields', '-funbox-strict-fields', '-funfolding-dict-discount=30', '-funfolding-fun-discount=60', '-fvectorise', '-fworker-wrapper']",0.44
113,e21e2a79-0f82-48f2-b61a-be071098cb11,fast,"['-O0', '-fcmm-elim-common-blocks', '-fcpr-anal', '-fcse', '-fdicts-cheap', '-fdicts-strict', '-fdmd-tx-dict-sel', '-fdo-eta-reduction', '-fenable-rewrite-rules', '-ffun-to-thunk', '-fignore-interface-pragmas', '-flate-dmd-anal', '-fliberate-case-threshold=2000', '-floopification', '-fmax-inline-memcpy-insns=32', '-fmax-simplifier-iterations=4', '-fmax-worker-args=10', '-fno-opt-coercion', '-fno-pre-inlining', '-fomit-interface-pragmas', '-fomit-yields', '-foptimal-applicative-do', '-fregs-graph', '-fregs-iterative', '-fsimpl-tick-factor=100', '-fspec-constr', '-fstatic-argument-transformation', '-fstrictness', '-fstrictness-before=1', '-funbox-small-strict-fields', '-funbox-strict-fields', '-funfolding-fun-discount=60', '-fvectorisation-avoidance', '-fvectorise', '-fworker-wrapper']",0.44
114,19af6861-8596-4fab-abd3-48e901dcab23,fast,"['-O0', '-fcall-arity', '-fcpr-anal', '-fcse', '-fdicts-strict', '-fdo-eta-reduction', '-feager-blackholing', '-fenable-rewrite-rules', '-fexcess-precision', '-fexpose-all-unfoldings', '-ffloat-in', '-ffun-to-thunk', '-fignore-interface-pragmas', '-flate-dmd-anal', '-fliberate-case-threshold=2000', '-fmax-inline-alloc-size=128', '-fmax-worker-args=10', '-fno-opt-coercion', '-fomit-yields', '-fpedantic-bottoms', '-fregs-graph', '-fsimplifier-phases=2', '-fspecialise', '-fcross-module-specialise', '-fstatic-argument-transformation', '-fstrictness-before=1', '-funbox-strict-fields', '-funfolding-dict-discount=30', '-funfolding-keeness-factor=1.5', '-funfolding-use-threshold=60', '-fvectorise', '-fworker-wrapper']",0.44
115,03a30a8c-b034-4436-8290-6b4b002cd2cb,fast,"['-O0', '-fcall-arity', '-fcase-merge', '-fcmm-elim-common-blocks', '-fcmm-sink', '-fcpr-anal', '-fcse', '-fdmd-tx-dict-sel', '-fdo-eta-reduction', '-fenable-rewrite-rules', '-fexpose-all-unfoldings', '-ffloat-in', '-ffull-laziness', '-fignore-asserts', '-floopification', '-fmax-inline-memset-insns=32', '-fmax-relevant-binds=6', '-fno-opt-coercion', '-fomit-yields', '-foptimal-applicative-do', '-fpedantic-bottoms', '-fregs-iterative', '-fspec-constr-count=3', '-fspec-constr-threshold=2000', '-funbox-strict-fields', '-funfolding-creation-threshold=750', '-funfolding-dict-discount=30', '-funfolding-fun-discount=60', '-funfolding-keeness-factor=1.5', '-fvectorise']",0.441
116,cd1ac98d-210e-43d7-9272-1337af878d33,fast,"['-O0', '-fcall-arity', '-fcmm-elim-common-blocks', '-fcmm-sink', '-fdicts-strict', '-fdo-lambda-eta-expansion', '-feager-blackholing', '-ffull-laziness', '-fignore-asserts', '-fignore-interface-pragmas', '-flate-dmd-anal', '-fliberate-case', '-fmax-inline-memset-insns=32', '-fmax-simplifier-iterations=4', '-fmax-worker-args=10', '-fno-opt-coercion', '-fomit-interface-pragmas', '-fomit-yields', '-fpedantic-bottoms', '-fregs-iterative', '-fsimplifier-phases=2', '-fsimpl-tick-factor=100', '-fspec-constr-count=3', '-fspec-constr-threshold=2000', '-fcross-module-specialise', '-fstrictness', '-fstrictness-before=1', '-funbox-small-strict-fields', '-funfolding-dict-discount=30', '-funfolding-fun-discount=60', '-funfolding-keeness-factor=1.5', '-fworker-wrapper']",0.441
117,d5652c9b-1362-43af-a829-1791530f7ad9,fast,"['-O0', '-fcall-arity', '-fcmm-elim-common-blocks', '-fdicts-cheap', '-fdmd-tx-dict-sel', '-feager-blackholing', '-ffull-laziness', '-flate-dmd-anal', '-fliberate-case-threshold=2000', '-floopification', '-fmax-inline-alloc-size=128', '-fmax-relevant-binds=6', '-fmax-simplifier-iterations=4', '-fno-opt-coercion', '-fno-state-hack', '-fomit-interface-pragmas', '-foptimal-applicative-do', '-fpedantic-bottoms', '-fregs-graph', '-fregs-iterative', '-fsimplifier-phases=2', '-fspec-constr-count=3', '-fspec-constr-threshold=2000', '-fspecialise', '-fstatic-argument-transformation', '-fstrictness', '-fstrictness-before=1', '-funbox-small-strict-fields', '-funfolding-dict-discount=30', '-funfolding-use-threshold=60', '-fvectorisation-avoidance', '-fvectorise']",0.441
118,ebf8ba4e-7347-4576-8cc0-39a2c2757e4b,fast,"['-O0', '-fcall-arity', '-fcmm-elim-common-blocks', '-fdicts-cheap', '-fdicts-strict', '-fdmd-tx-dict-sel', '-fdo-eta-reduction', '-fenable-rewrite-rules', '-fexcess-precision', '-fexpose-all-unfoldings', '-ffloat-in', '-ffun-to-thunk', '-flate-dmd-anal', '-fliberate-case', '-fliberate-case-threshold=2000', '-floopification', '-fmax-inline-alloc-size=128', '-fmax-inline-memcpy-insns=32', '-fmax-inline-memset-insns=32', '-fno-opt-coercion', '-fomit-interface-pragmas', '-fsimplifier-phases=2', '-fspec-constr', '-fspec-constr-count=3', '-fstatic-argument-transformation', '-fstrictness', '-fstrictness-before=1', '-funbox-small-strict-fields', '-funbox-strict-fields', '-funfolding-creation-threshold=750']",0.441
119,b3b469a2-3dc9-4910-b01c-2bdfebd8fb81,fast,"['-O0', '-fcall-arity', '-fcmm-elim-common-blocks', '-fcpr-anal', '-fdicts-cheap', '-fdicts-strict', '-fdmd-tx-dict-sel', '-fdo-lambda-eta-expansion', '-feager-blackholing', '-ffloat-in', '-ffull-laziness', '-ffun-to-thunk', '-fignore-interface-pragmas', '-floopification', '-fmax-inline-alloc-size=128', '-fmax-inline-memset-insns=32', '-fmax-worker-args=10', '-fno-opt-coercion', '-foptimal-applicative-do', '-fsimpl-tick-factor=100', '-fspecialise', '-funbox-small-strict-fields', '-funbox-strict-fields', '-funfolding-creation-threshold=750']",0.441
120,2931c698-fb0e-403f-90ee-1209dfa3151a,fast,"['-O0', '-fcase-merge', '-fcse', '-fdo-eta-reduction', '-fenable-rewrite-rules', '-fexpose-all-unfoldings', '-ffull-laziness', '-ffun-to-thunk', '-fignore-asserts', '-fignore-interface-pragmas', '-fliberate-case', '-fliberate-case-threshold=2000', '-fmax-inline-alloc-size=128', '-fmax-inline-memcpy-insns=32', '-fmax-inline-memset-insns=32', '-fmax-relevant-binds=6', '-fno-pre-inlining', '-fno-state-hack', '-fomit-interface-pragmas', '-fregs-graph', '-fregs-iterative', '-fsimplifier-phases=2', '-fsimpl-tick-factor=100', '-fspec-constr', '-fspec-constr-count=3', '-fspecialise', '-fstatic-argument-transformation', '-fstrictness', '-fstrictness-before=1', '-funfolding-creation-threshold=750', '-funfolding-use-threshold=60', '-fvectorisation-avoidance', '-fworker-wrapper']",0.441
121,6b408c43-2210-44d5-9cf8-054ec0f11888,fast,"['-O0', '-fcall-arity', '-fcase-merge', '-fcmm-sink', '-fcpr-anal', '-fcse', '-feager-blackholing', '-fenable-rewrite-rules', '-fexcess-precision', '-fexpose-all-unfoldings', '-ffloat-in', '-flate-dmd-anal', '-fliberate-case-threshold=2000', '-fmax-inline-alloc-size=128', '-fmax-inline-memcpy-insns=32', '-fmax-relevant-binds=6', '-fno-state-hack', '-fomit-interface-pragmas', '-foptimal-applicative-do', '-fpedantic-bottoms', '-fregs-iterative', '-fsimplifier-phases=2', '-fsimpl-tick-factor=100', '-fspec-constr', '-fspec-constr-count=3', '-fstatic-argument-transformation', '-fstrictness-before=1', '-funbox-small-strict-fields', '-funfolding-dict-discount=30', '-funfolding-fun-discount=60', '-funfolding-keeness-factor=1.5', '-funfolding-use-threshold=60']",0.441
122,4ebb95ce-3fb8-4751-ad16-e6a017263fec,fast,"['-O0', '-fcase-merge', '-fdicts-cheap', '-fdicts-strict', '-fenable-rewrite-rules', '-fexcess-precision', '-ffloat-in', '-ffun-to-thunk', '-fignore-interface-pragmas', '-fliberate-case', '-floopification', '-fmax-inline-alloc-size=128', '-fmax-inline-memcpy-insns=32', '-fmax-relevant-binds=6', '-fmax-simplifier-iterations=4', '-foptimal-applicative-do', '-fpedantic-bottoms', '-fregs-graph', '-fsimplifier-phases=2', '-fspec-constr', '-fspec-constr-count=3', '-fspec-constr-threshold=2000', '-fcross-module-specialise', '-fstrictness-before=1', '-funbox-small-strict-fields', '-funfolding-dict-discount=30', '-fvectorisation-avoidance', '-fvectorise']",0.441
123,f0bc98df-a63d-417f-89ba-09e929f768cc,fast,"['-O0', '-fcall-arity', '-fcase-merge', '-fcmm-elim-common-blocks', '-fcpr-anal', '-fcse', '-fdicts-strict', '-fdmd-tx-dict-sel', '-fdo-eta-reduction', '-feager-blackholing', '-fexpose-all-unfoldings', '-ffull-laziness', '-ffun-to-thunk', '-fignore-asserts', '-fignore-interface-pragmas', '-fliberate-case-threshold=2000', '-floopification', '-fmax-inline-memcpy-insns=32', '-fmax-relevant-binds=6', '-fmax-worker-args=10', '-fno-opt-coercion', '-fno-state-hack', '-fpedantic-bottoms', '-fregs-iterative', '-fsimplifier-phases=2', '-fspec-constr', '-fspec-constr-threshold=2000', '-fstrictness', '-fstrictness-before=1', '-funbox-small-strict-fields', '-funbox-strict-fields', '-funfolding-creation-threshold=750', '-funfolding-keeness-factor=1.5', '-funfolding-use-threshold=60']",0.441
124,14b9645e-96d3-4cf6-9b1c-85e519e2e054,fast,"['-O0', '-fcall-arity', '-fcmm-elim-common-blocks', '-fdicts-strict', '-fdmd-tx-dict-sel', '-fdo-eta-reduction', '-feager-blackholing', '-fenable-rewrite-rules', '-fexpose-all-unfoldings', '-ffloat-in', '-ffull-laziness', '-ffun-to-thunk', '-fignore-asserts', '-fignore-interface-pragmas', '-fliberate-case', '-floopification', '-fmax-worker-args=10', '-fno-pre-inlining', '-fomit-yields', '-fregs-iterative', '-fsimplifier-phases=2', '-fsimpl-tick-factor=100', '-fspec-constr', '-fspec-constr-count=3', '-fspecialise', '-fcross-module-specialise', '-fstatic-argument-transformation', '-funbox-small-strict-fields', '-funbox-strict-fields', '-funfolding-creation-threshold=750', '-funfolding-use-threshold=60', '-fvectorisation-avoidance', '-fvectorise']",0.441
125,c548b558-75e0-4047-b375-eedb70d32b29,fast,"['-O0', '-fcall-arity', '-fcmm-sink', '-fcpr-anal', '-fdicts-cheap', '-fdmd-tx-dict-sel', '-fdo-eta-reduction', '-fenable-rewrite-rules', '-fexcess-precision', '-fignore-asserts', '-fliberate-case', '-floopification', '-fmax-inline-memcpy-insns=32', '-fmax-inline-memset-insns=32', '-fmax-relevant-binds=6', '-fmax-simplifier-iterations=4', '-fmax-worker-args=10', '-fno-pre-inlining', '-fomit-interface-pragmas', '-fpedantic-bottoms', '-fregs-iterative', '-fspec-constr', '-fspec-constr-count=3', '-fcross-module-specialise', '-fstatic-argument-transformation', '-funbox-small-strict-fields', '-funfolding-keeness-factor=1.5', '-funfolding-use-threshold=60', '-fvectorise', '-fworker-wrapper']",0.441
126,cc95bdf9-daa5-4c04-b7b1-5f1c2885c719,fast,"['-O0', '-fcall-arity', '-fcase-merge', '-fcmm-sink', '-fdmd-tx-dict-sel', '-fdo-eta-reduction', '-fexcess-precision', '-ffloat-in', '-ffull-laziness', '-ffun-to-thunk', '-flate-dmd-anal', '-fmax-inline-memcpy-insns=32', '-fmax-relevant-binds=6', '-fmax-simplifier-iterations=4', '-fno-pre-inlining', '-fomit-interface-pragmas', '-fomit-yields', '-foptimal-applicative-do', '-fpedantic-bottoms', '-fregs-iterative', '-fsimpl-tick-factor=100', '-fspec-constr-threshold=2000', '-fspecialise', '-fcross-module-specialise', '-funbox-small-strict-fields', '-funfolding-creation-threshold=750', '-funfolding-dict-discount=30', '-funfolding-fun-discount=60', '-fvectorise']",0.441
127,5aec9eaf-8dc5-4ac3-8764-acd925b40f4d,fast,"['-O0', '-fcall-arity', '-fcmm-sink', '-fcpr-anal', '-fdicts-cheap', '-fdicts-strict', '-fdmd-tx-dict-sel', '-fdo-eta-reduction', '-fenable-rewrite-rules', '-fignore-asserts', '-flate-dmd-anal', '-fliberate-case-threshold=2000', '-fmax-inline-memcpy-insns=32', '-fmax-inline-memset-insns=32', '-fmax-worker-args=10', '-fno-opt-coercion', '-fomit-interface-pragmas', '-fomit-yields', '-foptimal-applicative-do', '-fpedantic-bottoms', '-fsimplifier-phases=2', '-fsimpl-tick-factor=100', '-fspecialise', '-fstatic-argument-transformation', '-fstrictness', '-funbox-small-strict-fields', '-funbox-strict-fields', '-funfolding-creation-threshold=750', '-funfolding-dict-discount=30', '-funfolding-keeness-factor=1.5', '-fvectorisation-avoidance', '-fvectorise']",0.442
128,2e86057c-540e-47eb-b3c4-c940e5dcd516,fast,"['-O0', '-fcmm-elim-common-blocks', '-fdmd-tx-dict-sel', '-fdo-eta-reduction', '-fexcess-precision', '-ffloat-in', '-ffun-to-thunk', '-fignore-asserts', '-fignore-interface-pragmas', '-fliberate-case', '-fliberate-case-threshold=2000', '-floopification', '-fmax-simplifier-iterations=4', '-fno-pre-inlining', '-fno-state-hack', '-fregs-graph', '-fregs-iterative', '-fsimpl-tick-factor=100', '-fspec-constr-count=3', '-fspec-constr-threshold=2000', '-fcross-module-specialise', '-fstrictness', '-fstrictness-before=1', '-funfolding-dict-discount=30', '-funfolding-fun-discount=60', '-funfolding-keeness-factor=1.5', '-funfolding-use-threshold=60', '-fvectorisation-avoidance', '-fvectorise']",0.442
129,40c3fd09-21b8-4f8e-b015-87e9fec38f72,fast,"['-O0', '-fcpr-anal', '-fcse', '-fdicts-cheap', '-fdicts-strict', '-fdmd-tx-dict-sel', '-feager-blackholing', '-fenable-rewrite-rules', '-fexcess-precision', '-fexpose-all-unfoldings', '-ffloat-in', '-ffull-laziness', '-fignore-asserts', '-flate-dmd-anal', '-fliberate-case', '-fliberate-case-threshold=2000', '-floopification', '-fmax-inline-memcpy-insns=32', '-fmax-inline-memset-insns=32', '-fmax-relevant-binds=6', '-fmax-worker-args=10', '-fno-pre-inlining', '-fomit-yields', '-fregs-iterative', '-fsimplifier-phases=2', '-fsimpl-tick-factor=100', '-fspec-constr-threshold=2000', '-fspecialise', '-fstatic-argument-transformation', '-fstrictness', '-funbox-strict-fields', '-funfolding-creation-threshold=750', '-funfolding-fun-discount=60', '-funfolding-keeness-factor=1.5', '-fvectorise', '-fworker-wrapper']",0.442
130,0298a2ac-93c3-4141-b2bd-6113b4d36fd3,fast,"['-O0', '-fcall-arity', '-fcmm-elim-common-blocks', '-fcse', '-fdicts-strict', '-fdo-eta-reduction', '-feager-blackholing', '-fenable-rewrite-rules', '-fexpose-all-unfoldings', '-ffull-laziness', '-fignore-interface-pragmas', '-fliberate-case-threshold=2000', '-floopification', '-fmax-relevant-binds=6', '-fmax-simplifier-iterations=4', '-fno-opt-coercion', '-fno-state-hack', '-fomit-yields', '-foptimal-applicative-do', '-fpedantic-bottoms', '-fregs-graph', '-fregs-iterative', '-fsimplifier-phases=2', '-fspec-constr-count=3', '-fspec-constr-threshold=2000', '-fcross-module-specialise', '-funbox-strict-fields', '-funfolding-creation-threshold=750', '-funfolding-dict-discount=30', '-funfolding-fun-discount=60', '-funfolding-use-threshold=60', '-fvectorisation-avoidance']",0.442
131,7f25bc52-d7e9-40ab-93f2-f443a677ce71,fast,"['-O0', '-fcmm-elim-common-blocks', '-fcmm-sink', '-fcse', '-fdo-eta-reduction', '-fdo-lambda-eta-expansion', '-feager-blackholing', '-fexcess-precision', '-fexpose-all-unfoldings', '-ffloat-in', '-ffull-laziness', '-ffun-to-thunk', '-fignore-asserts', '-fignore-interface-pragmas', '-flate-dmd-anal', '-fliberate-case', '-floopification', '-fmax-relevant-binds=6', '-fmax-simplifier-iterations=4', '-fomit-interface-pragmas', '-fregs-graph', '-fregs-iterative', '-fsimplifier-phases=2', '-fspec-constr', '-fspec-constr-count=3', '-fspecialise', '-fstatic-argument-transformation', '-fstrictness-before=1', '-funbox-small-strict-fields', '-funbox-strict-fields', '-funfolding-keeness-factor=1.5']",0.442
132,daa98a13-1664-4a77-b01b-c77d8a316bbf,fast,"['-O0', '-fcall-arity', '-fcse', '-fdicts-cheap', '-fdicts-strict', '-fdmd-tx-dict-sel', '-fdo-eta-reduction', '-fdo-lambda-eta-expansion', '-fenable-rewrite-rules', '-fexcess-precision', '-fexpose-all-unfoldings', '-fliberate-case-threshold=2000', '-fmax-inline-alloc-size=128', '-fmax-inline-memcpy-insns=32', '-fmax-relevant-binds=6', '-fmax-simplifier-iterations=4', '-fno-state-hack', '-fregs-iterative', '-fsimplifier-phases=2', '-fsimpl-tick-factor=100', '-fspec-constr', '-fspec-constr-count=3', '-fcross-module-specialise', '-fstatic-argument-transformation', '-fstrictness', '-funbox-small-strict-fields', '-funfolding-creation-threshold=750', '-funfolding-dict-discount=30', '-funfolding-fun-discount=60', '-funfolding-keeness-factor=1.5']",0.442
133,fe240cf8-341d-4832-9b8b-77ac6d586f8c,fast,"['-O0', '-fcall-arity', '-fcase-merge', '-fcse', '-fdicts-cheap', '-fdicts-strict', '-fdo-eta-reduction', '-fdo-lambda-eta-expansion', '-fexpose-all-unfoldings', '-ffull-laziness', '-ffun-to-thunk', '-fignore-interface-pragmas', '-fliberate-case', '-fliberate-case-threshold=2000', '-fmax-inline-memcpy-insns=32', '-fmax-simplifier-iterations=4', '-fmax-worker-args=10', '-fno-opt-coercion', '-fno-pre-inlining', '-fno-state-hack', '-fpedantic-bottoms', '-fregs-iterative', '-fsimpl-tick-factor=100', '-fspec-constr', '-fstatic-argument-transformation', '-fstrictness-before=1', '-funbox-strict-fields', '-funfolding-dict-discount=30']",0.442
134,ec8c6b02-5949-431a-b743-6d02ab885f4e,fast,"['-O0', '-fcall-arity', '-fcase-merge', '-fcmm-sink', '-fcpr-anal', '-fcse', '-fdicts-cheap', '-fdicts-strict', '-fdmd-tx-dict-sel', '-feager-blackholing', '-fexcess-precision', '-fexpose-all-unfoldings', '-ffull-laziness', '-ffun-to-thunk', '-flate-dmd-anal', '-fliberate-case-threshold=2000', '-fmax-inline-alloc-size=128', '-fmax-inline-memcpy-insns=32', '-fmax-relevant-binds=6', '-fmax-worker-args=10', '-fno-pre-inlining', '-fno-state-hack', '-fomit-yields', '-fregs-graph', '-fregs-iterative', '-fsimplifier-phases=2', '-fspec-constr', '-fspecialise', '-fstatic-argument-transformation', '-fstrictness-before=1', '-funbox-small-strict-fields', '-funfolding-creation-threshold=750', '-funfolding-fun-discount=60']",0.443
135,7726046e-2dbc-41a8-8441-7b8faa47585c,fast,"['-O0', '-fcmm-elim-common-blocks', '-fcse', '-fdicts-strict', '-fdmd-tx-dict-sel', '-feager-blackholing', '-fenable-rewrite-rules', '-fexcess-precision', '-fexpose-all-unfoldings', '-ffloat-in', '-ffun-to-thunk', '-fignore-asserts', '-fignore-interface-pragmas', '-flate-dmd-anal', '-fliberate-case', '-fmax-inline-alloc-size=128', '-fmax-inline-memcpy-insns=32', '-fmax-inline-memset-insns=32', '-fmax-relevant-binds=6', '-fmax-worker-args=10', '-fno-pre-inlining', '-fomit-yields', '-fsimplifier-phases=2', '-fsimpl-tick-factor=100', '-fspec-constr', '-fspec-constr-threshold=2000', '-fstrictness-before=1', '-funbox-small-strict-fields', '-funfolding-dict-discount=30', '-funfolding-fun-discount=60', '-funfolding-keeness-factor=1.5', '-funfolding-use-threshold=60', '-fvectorise', '-fworker-wrapper']",0.443
136,d8dd5fe0-ed23-4f75-a7c3-4d8993bdf4c0,fast,"['-O0', '-fcall-arity', '-fcpr-anal', '-fcse', '-fdo-lambda-eta-expansion', '-feager-blackholing', '-fenable-rewrite-rules', '-fexcess-precision', '-fignore-asserts', '-fliberate-case-threshold=2000', '-floopification', '-fmax-inline-alloc-size=128', '-fmax-relevant-binds=6', '-fno-opt-coercion', '-fomit-yields', '-fsimplifier-phases=2', '-fsimpl-tick-factor=100', '-fspec-constr-count=3', '-fspec-constr-threshold=2000', '-fspecialise', '-fstatic-argument-transformation', '-funfolding-creation-threshold=750', '-funfolding-dict-discount=30', '-funfolding-keeness-factor=1.5']",0.443
137,eeac26dc-f989-46bc-89c4-efe385e94a8a,fast,"['-O0', '-fcall-arity', '-fdicts-cheap', '-fdicts-strict', '-fdmd-tx-dict-sel', '-fdo-eta-reduction', '-fdo-lambda-eta-expansion', '-feager-blackholing', '-fenable-rewrite-rules', '-fexcess-precision', '-ffloat-in', '-ffull-laziness', '-ffun-to-thunk', '-fignore-asserts', '-flate-dmd-anal', '-floopification', '-fmax-inline-alloc-size=128', '-fmax-inline-memset-insns=32', '-fmax-relevant-binds=6', '-fmax-simplifier-iterations=4', '-fmax-worker-args=10', '-fomit-interface-pragmas', '-foptimal-applicative-do', '-fsimpl-tick-factor=100', '-fspec-constr-count=3', '-fspecialise', '-fcross-module-specialise', '-fstatic-argument-transformation', '-fstrictness-before=1', '-funbox-small-strict-fields', '-funbox-strict-fields', '-funfolding-dict-discount=30', '-funfolding-use-threshold=60', '-fvectorisation-avoidance']",0.443
138,a2011b00-99f8-4272-8372-aa8cea586544,fast,"['-O0', '-fcall-arity', '-fcmm-sink', '-fcpr-anal', '-fcse', '-fdicts-cheap', '-fdicts-strict', '-fdmd-tx-dict-sel', '-fdo-eta-reduction', '-fdo-lambda-eta-expansion', '-feager-blackholing', '-fexcess-precision', '-ffull-laziness', '-ffun-to-thunk', '-fignore-asserts', '-fignore-interface-pragmas', '-fmax-worker-args=10', '-fno-pre-inlining', '-fno-state-hack', '-fomit-interface-pragmas', '-foptimal-applicative-do', '-fregs-graph', '-fsimplifier-phases=2', '-fspec-constr', '-fspec-constr-count=3', '-fcross-module-specialise', '-fstrictness', '-fstrictness-before=1', '-funfolding-creation-threshold=750', '-funfolding-keeness-factor=1.5', '-funfolding-use-threshold=60', '-fvectorisation-avoidance', '-fvectorise']",0.443
139,6647a663-67bf-4e8c-a17a-ce7b01c25906,fast,"['-O0', '-fcase-merge', '-fcmm-sink', '-fcpr-anal', '-fcse', '-fdmd-tx-dict-sel', '-fdo-lambda-eta-expansion', '-fenable-rewrite-rules', '-fexcess-precision', '-fexpose-all-unfoldings', '-ffloat-in', '-ffull-laziness', '-fignore-asserts', '-fliberate-case-threshold=2000', '-floopification', '-fmax-inline-alloc-size=128', '-fmax-inline-memcpy-insns=32', '-fmax-relevant-binds=6', '-fmax-simplifier-iterations=4', '-fno-opt-coercion', '-foptimal-applicative-do', '-fregs-iterative', '-fspec-constr-count=3', '-fspecialise', '-fcross-module-specialise', '-fstrictness-before=1', '-funbox-small-strict-fields', '-funbox-strict-fields', '-funfolding-creation-threshold=750', '-funfolding-dict-discount=30', '-funfolding-keeness-factor=1.5', '-fvectorise', '-fworker-wrapper']",0.443
140,40852427-4a54-4803-8fda-2c2ca6faacad,fast,"['-O0', '-fcase-merge', '-fdicts-cheap', '-fenable-rewrite-rules', '-fexpose-all-unfoldings', '-ffull-laziness', '-fignore-interface-pragmas', '-flate-dmd-anal', '-fliberate-case', '-fliberate-case-threshold=2000', '-fmax-relevant-binds=6', '-fmax-simplifier-iterations=4', '-fmax-worker-args=10', '-fno-state-hack', '-fregs-graph', '-fregs-iterative', '-fspec-constr-count=3', '-fspec-constr-threshold=2000', '-fspecialise', '-fstatic-argument-transformation', '-fstrictness', '-fstrictness-before=1', '-funfolding-fun-discount=60', '-funfolding-use-threshold=60', '-fworker-wrapper']",0.443
141,fd331562-620b-4b77-87e9-26583564e54e,fast,"['-O0', '-fcpr-anal', '-fdicts-cheap', '-feager-blackholing', '-fenable-rewrite-rules', '-fexcess-precision', '-fexpose-all-unfoldings', '-ffloat-in', '-ffun-to-thunk', '-fignore-asserts', '-fignore-interface-pragmas', '-fliberate-case', '-fliberate-case-threshold=2000', '-floopification', '-fmax-inline-alloc-size=128', '-fmax-relevant-binds=6', '-fmax-worker-args=10', '-fno-state-hack', '-fomit-yields', '-fregs-graph', '-fregs-iterative', '-fspecialise', '-fcross-module-specialise', '-fstatic-argument-transformation', '-fstrictness-before=1', '-funbox-small-strict-fields', '-funfolding-creation-threshold=750', '-funfolding-dict-discount=30', '-funfolding-use-threshold=60', '-fvectorisation-avoidance', '-fworker-wrapper']",0.443
142,8a2ce48a-9c65-411f-bea3-eedd6e2b2e8d,fast,"['-O0', '-fcase-merge', '-fcmm-elim-common-blocks', '-fcmm-sink', '-fcse', '-fdicts-cheap', '-fdmd-tx-dict-sel', '-fdo-eta-reduction', '-fdo-lambda-eta-expansion', '-fexcess-precision', '-fexpose-all-unfoldings', '-ffull-laziness', '-ffun-to-thunk', '-fignore-interface-pragmas', '-flate-dmd-anal', '-fmax-inline-memcpy-insns=32', '-fmax-simplifier-iterations=4', '-fmax-worker-args=10', '-fno-pre-inlining', '-fomit-interface-pragmas', '-fsimpl-tick-factor=100', '-fspecialise', '-fcross-module-specialise', '-funbox-small-strict-fields', '-funbox-strict-fields', '-funfolding-fun-discount=60', '-funfolding-keeness-factor=1.5', '-fvectorisation-avoidance', '-fworker-wrapper']",0.443
143,57ab3e06-dfee-4471-aa11-22744aa5aacd,fast,"['-O0', '-fcall-arity', '-fcmm-sink', '-fcpr-anal', '-fdo-eta-reduction', '-fdo-lambda-eta-expansion', '-feager-blackholing', '-fenable-rewrite-rules', '-fexcess-precision', '-fexpose-all-unfoldings', '-ffun-to-thunk', '-fignore-asserts', '-flate-dmd-anal', '-floopification', '-fmax-inline-alloc-size=128', '-fmax-inline-memset-insns=32', '-fmax-relevant-binds=6', '-fmax-simplifier-iterations=4', '-fno-opt-coercion', '-fno-pre-inlining', '-fomit-yields', '-foptimal-applicative-do', '-fpedantic-bottoms', '-fregs-graph', '-fregs-iterative', '-fsimplifier-phases=2', '-fspecialise', '-funbox-small-strict-fields', '-funfolding-dict-discount=30', '-funfolding-fun-discount=60', '-funfolding-keeness-factor=1.5', '-funfolding-use-threshold=60', '-fvectorise']",0.443
144,3526d0cc-52bb-4b93-929d-d63949f3ef50,fast,"['-O0', '-fcase-merge', '-fdicts-cheap', '-fdo-eta-reduction', '-feager-blackholing', '-fenable-rewrite-rules', '-fexcess-precision', '-fexpose-all-unfoldings', '-fignore-asserts', '-fliberate-case', '-fliberate-case-threshold=2000', '-fmax-inline-memset-insns=32', '-fmax-relevant-binds=6', '-fmax-worker-args=10', '-fomit-interface-pragmas', '-fomit-yields', '-fpedantic-bottoms', '-fregs-graph', '-fregs-iterative', '-fsimplifier-phases=2', '-fspec-constr', '-fspec-constr-threshold=2000', '-fspecialise', '-fcross-module-specialise', '-fstatic-argument-transformation', '-fstrictness-before=1', '-funbox-small-strict-fields', '-funfolding-fun-discount=60', '-fvectorise', '-fworker-wrapper']",0.443
145,379191cd-fdab-4537-9bd7-a9eeec125058,fast,"['-O0', '-fcase-merge', '-fcmm-sink', '-fcse', '-fdicts-strict', '-fdo-lambda-eta-expansion', '-feager-blackholing', '-fexpose-all-unfoldings', '-ffloat-in', '-ffull-laziness', '-fignore-asserts', '-fliberate-case', '-fliberate-case-threshold=2000', '-fmax-inline-alloc-size=128', '-fmax-inline-memset-insns=32', '-fmax-relevant-binds=6', '-fmax-simplifier-iterations=4', '-fno-opt-coercion', '-fno-pre-inlining', '-fomit-interface-pragmas', '-fpedantic-bottoms', '-fsimpl-tick-factor=100', '-fspec-constr-count=3', '-funbox-strict-fields', '-funfolding-creation-threshold=750', '-funfolding-dict-discount=30', '-funfolding-use-threshold=60', '-fvectorisation-avoidance', '-fvectorise', '-fworker-wrapper']",0.444
146,a94ca85b-401d-40d5-86a8-94c661eb8691,fast,"['-O0', '-fcall-arity', '-fcase-merge', '-fcmm-elim-common-blocks', '-fcpr-anal', '-fdicts-strict', '-fdo-eta-reduction', '-feager-blackholing', '-fenable-rewrite-rules', '-fexcess-precision', '-ffloat-in', '-ffull-laziness', '-ffun-to-thunk', '-fignore-asserts', '-fignore-interface-pragmas', '-fliberate-case', '-fliberate-case-threshold=2000', '-fmax-inline-alloc-size=128', '-fmax-inline-memcpy-insns=32', '-fmax-worker-args=10', '-fno-opt-coercion', '-fno-pre-inlining', '-fomit-interface-pragmas', '-fomit-yields', '-fpedantic-bottoms', '-fregs-graph', '-fregs-iterative', '-fsimpl-tick-factor=100', '-fspec-constr', '-fspecialise', '-funbox-small-strict-fields', '-funbox-strict-fields', '-funfolding-dict-discount=30', '-funfolding-fun-discount=60', '-funfolding-keeness-factor=1.5', '-funfolding-use-threshold=60', '-fvectorisation-avoidance', '-fvectorise']",0.444
147,40780230-4f76-4b36-8507-bf4e29872ef6,fast,"['-O0', '-fcall-arity', '-fcase-merge', '-fcmm-elim-common-blocks', '-fcmm-sink', '-fcpr-anal', '-fdo-eta-reduction', '-fdo-lambda-eta-expansion', '-feager-blackholing', '-fexcess-precision', '-ffloat-in', '-ffun-to-thunk', '-fignore-interface-pragmas', '-flate-dmd-anal', '-floopification', '-fno-pre-inlining', '-fomit-interface-pragmas', '-foptimal-applicative-do', '-fregs-graph', '-fsimplifier-phases=2', '-fspec-constr', '-fspec-constr-threshold=2000', '-fcross-module-specialise', '-fstatic-argument-transformation', '-funbox-strict-fields', '-funfolding-fun-discount=60', '-funfolding-keeness-factor=1.5', '-funfolding-use-threshold=60', '-fworker-wrapper']",0.445
148,1e9b5dbe-be2d-4cbe-8b59-6c451b095f4b,fast,"['-O0', '-fcmm-sink', '-fcpr-anal', '-fdicts-cheap', '-fdmd-tx-dict-sel', '-fdo-eta-reduction', '-fdo-lambda-eta-expansion', '-feager-blackholing', '-fenable-rewrite-rules', '-fexpose-all-unfoldings', '-ffull-laziness', '-ffun-to-thunk', '-flate-dmd-anal', '-fliberate-case-threshold=2000', '-fmax-inline-alloc-size=128', '-fmax-inline-memset-insns=32', '-fmax-relevant-binds=6', '-fno-opt-coercion', '-fomit-interface-pragmas', '-foptimal-applicative-do', '-fregs-graph', '-fspec-constr-count=3', '-fspec-constr-threshold=2000', '-fspecialise', '-funbox-small-strict-fields', '-funfolding-dict-discount=30', '-funfolding-fun-discount=60', '-funfolding-keeness-factor=1.5']",0.446
149,04765e5e-2edb-49df-9dc4-eb3c138829e7,fast,"['-O0', '-fcall-arity', '-fcase-merge', '-fcmm-elim-common-blocks', '-fdicts-cheap', '-fdo-eta-reduction', '-feager-blackholing', '-fenable-rewrite-rules', '-fexcess-precision', '-floopification', '-fmax-inline-alloc-size=128', '-fmax-inline-memset-insns=32', '-fmax-worker-args=10', '-fomit-interface-pragmas', '-fomit-yields', '-foptimal-applicative-do', '-fpedantic-bottoms', '-fsimpl-tick-factor=100', '-fstatic-argument-transformation', '-fstrictness-before=1', '-funbox-small-strict-fields', '-funfolding-keeness-factor=1.5']",0.446
150,fddb16a7-1a16-4c89-b7f3-a81fb383f47a,fast,"['-O0', '-fcpr-anal', '-fcse', '-fdicts-strict', '-fdmd-tx-dict-sel', '-fdo-lambda-eta-expansion', '-feager-blackholing', '-fexcess-precision', '-fexpose-all-unfoldings', '-ffloat-in', '-ffull-laziness', '-ffun-to-thunk', '-fliberate-case', '-floopification', '-fmax-inline-alloc-size=128', '-fmax-inline-memcpy-insns=32', '-fmax-relevant-binds=6', '-fmax-simplifier-iterations=4', '-fmax-worker-args=10', '-fomit-interface-pragmas', '-fpedantic-bottoms', '-fsimpl-tick-factor=100', '-fspec-constr-threshold=2000', '-fspecialise', '-funbox-strict-fields', '-funfolding-creation-threshold=750', '-funfolding-dict-discount=30', '-funfolding-fun-discount=60', '-funfolding-keeness-factor=1.5', '-funfolding-use-threshold=60', '-fvectorisation-avoidance', '-fvectorise', '-fworker-wrapper']",0.446
151,ce113647-9d53-4d92-aaef-91c83ab06e84,fast,"['-O0', '-fcall-arity', '-fcase-merge', '-fcmm-sink', '-fcpr-anal', '-fcse', '-fdo-eta-reduction', '-fdo-lambda-eta-expansion', '-fexpose-all-unfoldings', '-ffull-laziness', '-fignore-asserts', '-flate-dmd-anal', '-fliberate-case-threshold=2000', '-fmax-inline-memcpy-insns=32', '-fmax-relevant-binds=6', '-foptimal-applicative-do', '-fregs-graph', '-fregs-iterative', '-fsimpl-tick-factor=100', '-fspec-constr', '-fspec-constr-count=3', '-fspecialise', '-fcross-module-specialise', '-fstatic-argument-transformation', '-fstrictness', '-fstrictness-before=1', '-funbox-small-strict-fields', '-funfolding-creation-threshold=750', '-funfolding-dict-discount=30', '-funfolding-fun-discount=60', '-funfolding-use-threshold=60', '-fvectorisation-avoidance', '-fvectorise', '-fworker-wrapper']",0.446
